assists,evGoals,evPoints,faceoffWinPct,gameWinningGoals,gamesPlayed,goals,lastName,otGoals,penaltyMinutes,playerId,plusMinus,points,pointsPerGame,positionCode,ppGoals,ppPoints,seasonId,shGoals,shPoints,shootingPct,shootsCatches,shots,skaterFullName,teamAbbrevs,timeOnIcePerGame
43,14,40,0.42857,2,48,17,St. Louis,0,14,8466378,0,60,1.25,R,3,20,20122013,0,0,0.15178,L,112,Martin St. Louis,TBL,1319.0
28,19,39,0.49572,2,48,29,Stamkos,0,32,8474564,-4,57,1.1875,C,10,18,20122013,0,0,0.18471,R,157,Steven Stamkos,TBL,1321.375
41,12,39,0.54316,1,36,15,Crosby,0,16,8471675,26,56,1.55555,C,3,17,20122013,0,0,0.12096,L,124,Sidney Crosby,PIT,1266.25
24,16,29,0.0,4,48,32,Ovechkin,0,36,8471214,2,56,1.16666,L,16,27,20122013,0,0,0.14545,R,220,Alex Ovechkin,WSH,1253.0625
32,15,38,0.2,3,47,23,Kane,0,8,8474141,11,55,1.17021,R,8,17,20122013,0,0,0.16666,L,138,Patrick Kane,CHI,1203.3617
35,14,43,0.51972,4,48,18,Staal,0,54,8470595,5,53,1.10416,C,3,9,20122013,1,1,0.11842,L,152,Eric Staal,CAR,1259.75
30,13,36,0.44444,5,48,22,Kunitz,0,39,8470543,30,52,1.08333,L,9,16,20122013,0,0,0.19469,L,113,Chris Kunitz,PIT,1081.3333
32,14,31,0.625,4,48,20,Kessel,0,18,8473548,-3,52,1.08333,R,6,21,20122013,0,0,0.12422,R,161,Phil Kessel,TOR,1188.6041
34,12,36,0.54716,4,45,16,Hall,0,33,8475791,5,50,1.11111,L,4,14,20122013,0,0,0.10389,L,154,Taylor Hall,EDM,1117.2222
34,8,31,0.48037,3,44,15,Getzlaf,0,41,8470612,14,49,1.11363,C,4,15,20122013,3,3,0.15151,R,99,Ryan Getzlaf,ANA,1211.6136
34,7,30,0.55016,6,47,15,Datsyuk,2,14,8467514,21,49,1.04255,C,8,16,20122013,0,3,0.14018,L,107,Pavel Datsyuk,DET,1210.8723
36,7,22,0.44752,1,48,13,Ribeiro,0,53,8467371,-4,49,1.02083,C,6,27,20122013,0,0,0.20634,L,63,Mike Ribeiro,WSH,1070.0
37,5,23,0.48345,5,46,11,Zetterberg,0,18,8468083,2,48,1.04347,C,4,23,20122013,2,2,0.06358,L,173,Henrik Zetterberg,DET,1231.3695
25,19,39,0.59914,5,47,23,Toews,0,27,8473604,28,48,1.02127,C,2,6,20122013,2,3,0.16083,L,143,Jonathan Toews,CHI,1160.5319
35,6,26,0.54483,2,48,13,Giroux,0,22,8473512,-7,48,1.0,R,6,21,20122013,1,1,0.09489,R,137,Claude Giroux,PHI,1270.2916
40,5,30,0.51428,1,48,8,Backstrom,0,20,8473563,8,48,1.0,C,3,18,20122013,0,0,0.09756,L,82,Nicklas Backstrom,WSH,1194.0416
19,19,31,0.49354,5,48,28,Tavares,0,18,8475166,-2,47,0.97916,C,9,16,20122013,0,0,0.17283,L,162,John Tavares,NYI,1246.4791
28,15,40,0.53703,4,48,18,Ladd,0,22,8471217,10,46,0.95833,L,3,6,20122013,0,0,0.14876,L,121,Andrew Ladd,WPG,1180.8333
24,14,29,0.4,3,48,22,Voracek,0,35,8474161,-7,46,0.95833,R,8,17,20122013,0,0,0.17054,L,129,Jakub Voracek,PHI,1034.25
34,9,31,0.49382,1,48,11,Sedin,0,24,8467876,19,45,0.9375,C,1,13,20122013,1,1,0.15714,L,70,Henrik Sedin,VAN,1160.8541
31,9,34,0.23809,1,44,13,Semin,0,46,8470120,14,44,1.0,R,4,9,20122013,0,1,0.08666,R,150,Alexander Semin,CAR,1256.5681
29,7,29,1.0,0,47,15,Moulson,0,4,8470852,-3,44,0.93617,L,8,15,20122013,0,0,0.0974,L,154,Matt Moulson,NYI,1149.3404
26,13,30,0.45854,6,48,18,Stepan,0,12,8474613,25,44,0.91666,C,4,10,20122013,1,4,0.16666,R,108,Derek Stepan,NYR,1255.3541
26,13,36,0.44247,1,48,18,Kadri,0,23,8475172,15,44,0.91666,C,5,8,20122013,0,0,0.16822,L,107,Nazem Kadri,TOR,963.125
26,15,33,0.54647,3,47,17,Duchene,1,12,8475168,-12,43,0.91489,C,2,9,20122013,0,1,0.12878,L,132,Matt Duchene,COL,1255.234
25,12,30,0.07692,1,48,18,Parenteau,0,38,8469707,-11,43,0.89583,R,6,13,20122013,0,0,0.17142,R,105,PA Parenteau,COL,1148.7916
21,17,32,0.41666,3,44,21,Nash,0,26,8470041,16,42,0.95454,L,3,9,20122013,1,1,0.11931,L,176,Rick Nash,NYR,1198.2272
32,10,26,0.53265,1,47,10,Kopitar,0,16,8471685,14,42,0.89361,C,0,16,20122013,0,0,0.10204,L,98,Anze Kopitar,LAK,1228.7446
21,10,26,0.66666,2,38,20,Vanek,0,20,8470598,-1,41,1.07894,L,9,14,20122013,1,1,0.16806,R,119,Thomas Vanek,BUF,1104.3421
22,17,34,0.22222,2,48,19,Wheeler,0,28,8471218,-3,41,0.85416,R,2,7,20122013,0,0,0.14728,R,129,Blake Wheeler,WPG,1128.0208
28,9,28,0.42857,3,47,12,Sedin,0,18,8467875,12,40,0.85106,L,3,12,20122013,0,0,0.08695,L,138,Daniel Sedin,VAN,1141.2765
33,5,19,0.58487,1,48,7,Thornton,0,26,8466138,6,40,0.83333,C,2,21,20122013,0,0,0.08235,L,85,Joe Thornton,SJS,1102.6875
24,11,27,0.28571,0,44,15,Pacioretty,0,28,8474157,8,39,0.88636,L,4,12,20122013,0,0,0.09202,L,163,Max Pacioretty,MTL,990.5681
33,4,25,,1,35,5,Letang,0,8,8471724,16,38,1.08571,D,1,13,20122013,0,0,0.05263,R,95,Kris Letang,PIT,1538.1714
27,4,12,,0,42,11,Subban,0,57,8474056,12,38,0.90476,D,7,26,20122013,0,0,0.0873,R,126,P.K. Subban,MTL,1394.6428
18,17,34,0.47368,2,48,20,Dupuis,0,26,8466393,31,38,0.79166,R,2,3,20122013,1,1,0.14285,L,140,Pascal Dupuis,PIT,1050.4166
20,11,25,0.33333,4,48,18,Parise,1,16,8470610,2,38,0.79166,L,7,13,20122013,0,0,0.0989,L,182,Zach Parise,MIN,1240.0
15,19,30,0.16666,3,48,23,Tlusty,0,18,8473482,15,38,0.79166,L,4,8,20122013,0,0,0.19658,L,117,Jiri Tlusty,CAR,1094.7291
24,10,21,0.43859,1,48,14,Gagner,1,23,8474040,-6,38,0.79166,C,4,15,20122013,0,2,0.12389,R,113,Sam Gagner,EDM,1164.6875
26,11,24,0.53964,3,48,11,Koivu,1,26,8469459,2,37,0.77083,C,0,13,20122013,0,0,0.08661,L,127,Mikko Koivu,MIN,1265.8125
16,14,24,0.51533,5,48,21,Couture,0,4,8474053,7,37,0.77083,C,7,12,20122013,0,1,0.13907,L,151,Logan Couture,SJS,1085.8125
21,13,28,0.42105,3,48,16,Eberle,0,16,8474586,-4,37,0.77083,R,3,9,20122013,0,0,0.1203,R,133,Jordan Eberle,EDM,1139.7083
15,12,20,0.16666,6,40,21,Neal,0,26,8471707,5,36,0.9,L,9,16,20122013,0,0,0.15441,L,136,James Neal,PIT,1048.125
21,10,25,0.20689,5,44,15,Perry,1,72,8470621,10,36,0.81818,R,5,10,20122013,0,1,0.11718,R,128,Corey Perry,ANA,1144.1818
18,12,30,0.5,5,45,18,Marchand,0,27,8473419,23,36,0.8,L,4,4,20122013,2,2,0.1978,L,91,Brad Marchand,BOS,1017.8666
22,8,21,0.43558,0,48,14,Elias,0,22,8460542,5,36,0.75,C,5,14,20122013,1,1,0.11864,L,118,Patrik Elias,NJD,1123.1666
18,12,24,0.29629,3,48,18,Stewart,1,40,8473485,0,36,0.75,R,6,12,20122013,0,0,0.18556,R,97,Chris Stewart,STL,949.125
25,8,23,0.33333,2,48,11,Purcell,0,12,8473962,-1,36,0.75,L,3,13,20122013,0,0,0.11702,R,94,Teddy Purcell,TBL,1004.5625
19,10,24,0.0,4,45,16,Jagr,1,22,8448208,-2,35,0.77777,R,6,11,20122013,0,0,0.13913,L,115,Jaromir Jagr,"DAL,BOS",1099.8
19,8,18,0.33333,5,46,16,Ryder,0,16,8467545,2,35,0.76086,R,8,17,20122013,0,0,0.15841,R,101,Michael Ryder,"DAL,MTL",962.913
25,9,22,0.25,1,48,10,Boyes,1,16,8468504,-6,35,0.72916,R,1,13,20122013,0,0,0.10309,R,97,Brad Boyes,NYI,1092.6458
23,9,21,0.5,2,48,12,Fleischmann,0,16,8470039,-10,35,0.72916,L,2,13,20122013,1,1,0.09917,L,121,Tomas Fleischmann,FLA,1124.0416
23,8,25,0.50582,1,46,11,Richards,0,14,8467389,8,34,0.73913,C,3,9,20122013,0,0,0.1,L,110,Brad Richards,NYR,1128.7826
20,11,24,0.48571,2,47,14,Pominville,0,8,8469506,1,34,0.7234,R,2,9,20122013,1,1,0.11864,R,118,Jason Pominville,"BUF,MIN",1210.7872
19,11,27,0.46798,1,48,15,Hodgson,0,20,8474570,-4,34,0.70833,C,3,5,20122013,1,2,0.13157,R,114,Cody Hodgson,BUF,1103.8958
24,5,15,0.47215,3,31,9,Malkin,0,36,8471215,5,33,1.06451,C,4,18,20122013,0,0,0.0909,L,99,Evgeni Malkin,PIT,1182.1612
21,9,23,0.46121,3,41,12,Benn,0,40,8473994,-12,33,0.80487,L,3,10,20122013,0,0,0.10909,L,110,Jamie Benn,DAL,1194.6097
19,8,21,0.49797,3,44,14,Iginla,0,31,8462042,-5,33,0.75,R,6,12,20122013,0,0,0.10447,R,134,Jarome Iginla,"CGY,PIT",1128.8181
19,10,18,0.50572,2,47,14,Plekanec,0,24,8469521,3,33,0.70212,C,4,15,20122013,0,0,0.10526,L,133,Tomas Plekanec,MTL,1152.6595
23,10,26,0.55198,5,47,10,Krejci,0,20,8471276,1,33,0.70212,C,0,7,20122013,0,0,0.10752,R,93,David Krejci,BOS,1110.2553
14,11,16,0.47844,5,47,19,Brouwer,1,28,8471426,-5,33,0.70212,R,7,16,20122013,1,1,0.17117,R,111,Troy Brouwer,WSH,1112.2553
22,10,27,0.33333,3,48,11,Williams,0,22,8468508,15,33,0.6875,R,1,6,20122013,0,0,0.07746,R,142,Justin Williams,LAK,1019.3958
7,18,23,0.52604,8,48,26,Carter,1,16,8470604,0,33,0.6875,C,8,10,20122013,0,0,0.19548,R,133,Jeff Carter,LAK,1054.6875
16,15,29,0.39393,4,48,17,Kane,1,80,8475169,-3,33,0.6875,L,2,4,20122013,0,0,0.08947,L,190,Evander Kane,WPG,1227.1458
22,5,23,0.54447,0,39,10,Lecavalier,0,29,8467329,-5,32,0.82051,C,5,9,20122013,0,0,0.11627,L,86,Vincent Lecavalier,TBL,1072.9743
22,8,27,0.62104,3,42,10,Bergeron,1,18,8470638,24,32,0.7619,C,2,4,20122013,0,1,0.08,R,125,Patrice Bergeron,BOS,1157.6666
19,8,17,0.51008,3,44,13,Cammalleri,0,25,8469500,-15,32,0.72727,L,5,15,20122013,0,0,0.12745,L,102,Michael Cammalleri,CGY,1083.3409
17,9,16,0.66666,4,45,15,Simmonds,0,84,8474190,-7,32,0.71111,R,6,16,20122013,0,0,0.13636,R,110,Wayne Simmonds,PHI,938.2444
23,5,22,0.13043,2,47,9,Stempniak,0,12,8470740,2,32,0.68085,R,4,6,20122013,0,4,0.07964,R,113,Lee Stempniak,CGY,1074.3617
28,1,17,,1,48,4,Suter,0,24,8470600,2,32,0.66666,D,3,15,20122013,0,0,0.04395,L,91,Ryan Suter,MIN,1636.7708
20,6,17,0.48979,3,48,12,Richards,0,42,8470617,-8,32,0.66666,C,6,15,20122013,0,0,0.14634,L,82,Mike Richards,LAK,981.1666
25,5,26,0.51187,2,48,7,Little,1,4,8473412,8,32,0.66666,C,2,5,20122013,0,1,0.08333,R,84,Bryan Little,WPG,1187.9375
14,13,26,0.55813,3,48,18,van Riemsdyk,0,26,8474037,-7,32,0.66666,L,5,6,20122013,0,0,0.12857,L,140,James van Riemsdyk,TOR,1152.4375
16,12,26,0.48888,2,48,16,Seguin,0,16,8475794,23,32,0.66666,C,4,6,20122013,0,0,0.09937,R,161,Tyler Seguin,BOS,1020.9166
20,5,13,0.31818,5,37,11,Kovalchuk,1,20,8469454,-6,31,0.83783,L,2,14,20122013,4,4,0.08943,R,123,Ilya Kovalchuk,NJD,1435.1351
14,12,23,0.33333,6,40,17,Hossa,3,16,8466148,20,31,0.775,R,4,6,20122013,1,2,0.14655,L,116,Marian Hossa,CHI,1082.475
17,8,19,0.48387,1,41,14,Franzen,0,41,8471309,13,31,0.75609,R,6,12,20122013,0,0,0.12068,L,116,Johan Franzen,DET,1085.2195
15,8,20,0.46666,4,45,16,Callahan,1,12,8471339,9,31,0.68888,R,6,8,20122013,2,3,0.11111,R,144,Ryan Callahan,NYR,1290.5333
21,8,17,0.41909,0,47,10,Ennis,0,16,8474589,-14,31,0.65957,R,2,14,20122013,0,0,0.09259,L,108,Tyler Ennis,BUF,1072.6595
14,10,16,0.47333,3,48,17,Marleau,0,24,8466139,-2,31,0.64583,C,6,14,20122013,1,1,0.11333,L,150,Patrick Marleau,SJS,1146.6458
15,11,19,0.51818,5,48,16,Pavelski,0,10,8470794,2,31,0.64583,C,5,11,20122013,0,1,0.12307,R,130,Joe Pavelski,SJS,1134.5833
21,9,23,0.50109,1,48,10,Staal,0,32,8473533,-18,31,0.64583,C,1,7,20122013,0,1,0.08771,L,114,Jordan Staal,CAR,1206.3125
17,12,22,0.33333,1,48,14,Huberdeau,0,18,8476456,-15,31,0.64583,L,2,9,20122013,0,0,0.125,L,112,Jonathan Huberdeau,FLA,1015.6458
14,11,21,0.0,2,48,17,Yakupov,1,24,8476855,-4,31,0.64583,R,6,10,20122013,0,0,0.20987,L,81,Nail Yakupov,EDM,873.7083
19,9,24,0.30864,1,46,11,Ryan,0,17,8471676,3,30,0.65217,R,2,6,20122013,0,0,0.10891,R,101,Bobby Ryan,ANA,995.1086
22,7,25,0.49261,1,46,8,Eller,0,45,8474189,8,30,0.65217,C,1,5,20122013,0,0,0.09523,L,84,Lars Eller,MTL,889.7826
18,8,23,0.44444,2,48,12,Prospal,0,32,8459492,3,30,0.625,L,4,7,20122013,0,0,0.14117,L,85,Vinny Prospal,CBJ,991.5833
20,2,7,,4,48,10,Markov,1,14,8467496,-9,30,0.625,D,8,23,20122013,0,0,0.12658,L,79,Andrei Markov,MTL,1447.7708
20,5,20,,3,48,10,Yandle,0,54,8471735,4,30,0.625,D,5,10,20122013,0,0,0.07692,L,130,Keith Yandle,PHX,1334.8333
18,7,17,0.31372,1,32,11,Whitney,0,4,8458537,1,29,0.90625,L,4,12,20122013,0,0,0.17741,R,62,Ray Whitney,DAL,1163.75
24,2,12,,1,45,5,Timonen,0,36,8459670,3,29,0.64444,D,3,17,20122013,0,0,0.0641,L,78,Kimmo Timonen,PHI,1305.9777
25,1,16,,0,45,4,Franson,0,8,8471742,4,29,0.64444,D,3,13,20122013,0,0,0.05714,R,70,Cody Franson,TOR,1127.3111
11,10,16,0.36585,1,46,18,Brown,0,22,8470606,6,29,0.63043,R,8,13,20122013,0,0,0.12676,R,142,Dustin Brown,LAK,1170.0869
17,9,18,0.48206,1,47,12,Brassard,0,16,8473544,1,29,0.61702,C,3,11,20122013,0,0,0.13636,L,88,Derick Brassard,"CBJ,NYR",993.3404
18,10,25,0.26666,3,47,11,Conacher,0,20,8476195,3,29,0.61702,C,1,4,20122013,0,0,0.16417,L,67,Cory Conacher,"TBL,OTT",838.4255
24,3,13,,2,48,5,Kronwall,0,44,8468509,-5,29,0.60416,D,2,16,20122013,0,0,0.07462,L,67,Niklas Kronwall,DET,1461.7083
23,3,18,0.48028,1,48,6,Nielsen,0,12,8470144,-3,29,0.60416,C,2,10,20122013,1,1,0.06451,L,93,Frans Nielsen,NYI,1081.0208
17,9,18,0.2647,3,48,12,Eriksson,1,8,8470626,-9,29,0.60416,L,2,10,20122013,1,1,0.11538,L,104,Loui Eriksson,DAL,1207.1875
17,9,20,0.49021,2,48,12,Turris,1,24,8474068,6,29,0.60416,C,3,9,20122013,0,0,0.10169,R,118,Kyle Turris,OTT,1178.3541
16,9,15,0.3125,1,34,12,Vrbata,0,14,8468085,6,28,0.82352,R,2,12,20122013,1,1,0.1132,R,106,Radim Vrbata,PHX,1098.5588
21,5,19,0.45595,1,42,7,Roy,0,6,8469485,4,28,0.66666,C,2,8,20122013,0,1,0.08235,L,85,Derek Roy,"DAL,VAN",1115.6666
20,4,18,,2,43,8,Byfuglien,2,34,8470834,-1,28,0.65116,D,4,10,20122013,0,0,0.05633,R,142,Dustin Byfuglien,WPG,1464.186
13,12,24,0.32,3,44,15,Gallagher,0,33,8475848,10,28,0.63636,R,3,4,20122013,0,0,0.1282,R,117,Brendan Gallagher,MTL,831.7727
16,7,18,0.52587,3,46,12,Bozak,0,6,8475098,-1,28,0.60869,C,4,9,20122013,1,1,0.19672,R,61,Tyler Bozak,TOR,1218.6304
19,6,12,,1,48,9,Phaneuf,1,65,8470602,-4,28,0.58333,D,3,16,20122013,0,0,0.10227,L,88,Dion Phaneuf,TOR,1510.6875
19,6,16,,1,48,9,Weber,1,48,8470642,-2,28,0.58333,D,3,12,20122013,0,0,0.07258,R,124,Shea Weber,NSH,1555.2916
22,5,22,0.52302,1,48,6,Backes,0,62,8470655,5,28,0.58333,R,1,5,20122013,0,1,0.06,R,100,David Backes,STL,1176.6666
18,8,21,0.5,3,48,10,Desharnais,0,26,8471976,-2,28,0.58333,C,2,7,20122013,0,0,0.15151,L,66,David Desharnais,MTL,987.9791
16,8,17,0.39306,1,40,11,Tanguay,1,22,8467338,-13,27,0.675,L,2,9,20122013,1,1,0.25,L,44,Alex Tanguay,CGY,1161.55
19,5,18,0.46078,3,40,8,Steen,1,14,8470257,5,27,0.675,L,3,9,20122013,0,0,0.06201,L,129,Alexander Steen,STL,1139.525
20,7,23,0.54687,0,42,7,Cullen,0,10,8464989,9,27,0.64285,C,0,4,20122013,0,0,0.0886,L,79,Matt Cullen,MIN,953.4761
17,5,19,0.32258,0,42,10,Hudler,0,22,8470201,-13,27,0.64285,R,5,8,20122013,0,0,0.17857,L,56,Jiri Hudler,CGY,1029.5476
24,1,15,,3,45,3,Gonchar,1,26,8458951,4,27,0.6,D,2,12,20122013,0,0,0.03529,L,85,Sergei Gonchar,OTT,1439.5777
20,7,25,0.48571,0,46,7,Lucic,0,75,8473473,8,27,0.58695,L,0,2,20122013,0,0,0.0886,L,79,Milan Lucic,BOS,1014.7173
14,8,20,0.50102,2,46,13,Letestu,1,10,8473914,7,27,0.58695,C,3,5,20122013,2,2,0.1413,R,92,Mark Letestu,CBJ,990.9347
17,9,23,0.36956,2,46,10,Saad,0,12,8476438,17,27,0.58695,L,0,3,20122013,1,1,0.10204,L,98,Brandon Saad,CHI,987.6739
19,4,19,0.51351,0,47,8,Koivu,0,18,8459442,4,27,0.57446,C,4,8,20122013,0,0,0.14545,L,55,Saku Koivu,ANA,1056.0212
15,11,18,0.33333,5,47,12,Gaborik,2,14,8468483,-3,27,0.57446,R,1,9,20122013,0,0,0.07947,L,151,Marian Gaborik,"NYR,CBJ",1111.1702
12,10,17,0.48837,0,47,15,Kopecky,0,28,8468518,-8,27,0.57446,R,4,9,20122013,1,1,0.16304,L,92,Tomas Kopecky,FLA,1061.1276
24,1,16,,0,47,3,Keith,0,31,8470281,16,27,0.57446,D,2,10,20122013,0,1,0.03296,L,91,Duncan Keith,CHI,1446.5106
24,3,15,,0,47,3,Goligoski,0,18,8471274,4,27,0.57446,D,0,11,20122013,0,1,0.0375,L,80,Alex Goligoski,DAL,1343.1276
17,9,24,0.09677,2,47,10,Hansen,0,8,8471498,12,27,0.57446,R,1,3,20122013,0,0,0.10101,R,99,Jannik Hansen,VAN,1053.2765
14,13,24,0.26666,2,48,13,Doan,1,37,8462038,6,27,0.5625,R,0,3,20122013,0,0,0.10077,R,129,Shane Doan,PHX,1083.2916
19,2,10,,2,48,8,Campbell,0,12,8466285,-22,27,0.5625,D,6,17,20122013,0,0,0.11428,L,70,Brian Campbell,FLA,1585.0
21,3,16,,1,48,6,Streit,0,22,8468309,-14,27,0.5625,D,3,11,20122013,0,0,0.07228,L,83,Mark Streit,NYI,1400.8333
14,8,21,0.41176,3,48,13,Setoguchi,1,20,8471682,5,27,0.5625,R,5,6,20122013,0,0,0.13402,R,97,Devin Setoguchi,MIN,866.3125
19,4,12,0.0,3,48,8,Schultz,0,8,8474602,-17,27,0.5625,D,4,15,20122013,0,0,0.09411,R,85,Justin Schultz,EDM,1286.9791
18,9,26,0.42753,2,48,9,Galchenyuk,0,20,8476851,14,27,0.5625,C,0,1,20122013,0,0,0.11392,L,79,Alex Galchenyuk,MTL,739.25
14,8,12,,2,35,12,Green,1,20,8471242,-3,26,0.74285,D,4,14,20122013,0,0,0.125,R,96,Mike Green,WSH,1491.2285
11,11,19,0.43478,3,40,15,Glencross,0,18,8471185,-8,26,0.65,L,3,6,20122013,1,1,0.16304,L,92,Curtis Glencross,CGY,1094.125
14,9,16,0.4,1,44,12,Brunner,0,12,8477059,-6,26,0.5909,R,3,10,20122013,0,0,0.09756,R,123,Damien Brunner,DET,935.3181
16,7,14,0.42105,2,47,10,Alfredsson,0,33,8460621,1,26,0.55319,R,3,11,20122013,0,1,0.099,R,101,Daniel Alfredsson,OTT,1160.9787
18,6,16,0.45474,0,47,8,Schenn,0,24,8475170,-8,26,0.55319,C,2,10,20122013,0,0,0.10126,L,79,Brayden Schenn,PHI,931.7446
12,9,19,0.33333,3,48,14,Gionta,0,8,8467407,3,26,0.54166,R,5,7,20122013,0,0,0.125,R,112,Brian Gionta,MTL,1087.3958
19,4,19,0.0909,2,48,7,Boedker,0,12,8474571,0,26,0.54166,L,3,7,20122013,0,0,0.08433,L,83,Mikkel Boedker,PHX,1108.6041
13,10,21,0.54166,2,44,12,Morrow,0,37,8466160,-3,25,0.56818,L,2,4,20122013,0,0,0.21818,L,55,Brenden Morrow,"DAL,PIT",891.7272
13,10,21,0.50208,2,48,12,Legwand,0,20,8467330,-6,25,0.52083,C,2,4,20122013,0,0,0.15384,L,78,David Legwand,NSH,1105.5416
8,10,17,0.46268,3,48,17,Berglund,1,12,8473534,-2,25,0.52083,C,5,6,20122013,2,2,0.22972,L,74,Patrik Berglund,STL,1009.7083
15,8,19,0.36363,2,48,10,Perron,0,44,8474102,0,25,0.52083,L,2,6,20122013,0,0,0.11904,R,84,David Perron,STL,1080.4166
19,5,17,1.0,2,48,6,Voynov,0,14,8474594,5,25,0.52083,D,1,8,20122013,0,0,0.07594,R,79,Slava Voynov,LAK,1338.125
15,7,14,0.52368,1,40,9,Stastny,0,14,8471669,-7,24,0.6,C,2,10,20122013,0,0,0.10344,L,87,Paul Stastny,COL,1161.4
20,2,13,0.41016,0,40,4,Nugent-Hopkins,0,8,8476454,3,24,0.6,C,2,11,20122013,0,0,0.05128,L,78,Ryan Nugent-Hopkins,EDM,1131.925
11,8,15,0.47727,0,42,13,Skinner,0,26,8475784,-21,24,0.57142,L,5,9,20122013,0,0,0.08176,L,159,Jeff Skinner,CAR,1107.8095
13,10,21,0.29166,2,42,11,Read,0,2,8476177,1,24,0.57142,R,1,3,20122013,0,0,0.15277,R,72,Matt Read,PHI,1081.0476
19,4,16,0.51612,2,45,5,Erat,0,30,8468064,-7,24,0.53333,R,1,8,20122013,0,0,0.07246,L,69,Martin Erat,"NSH,WSH",1075.2888
12,9,17,0.50595,1,46,12,Selanne,0,28,8457981,-10,24,0.52173,R,3,7,20122013,0,0,0.125,R,96,Teemu Selanne,ANA,941.5434
20,3,17,,0,47,4,Hamhuis,0,12,8469465,9,24,0.51063,D,0,6,20122013,1,1,0.06557,L,61,Dan Hamhuis,VAN,1403.4042
11,12,21,0.44444,2,47,13,Burrows,0,54,8470358,15,24,0.51063,R,1,3,20122013,0,0,0.09285,L,140,Alexandre Burrows,VAN,1134.4255
19,3,17,,0,47,5,Pietrangelo,0,10,8474565,0,24,0.51063,D,2,6,20122013,0,1,0.05376,R,93,Alex Pietrangelo,STL,1506.7659
18,5,16,,0,48,6,Beauchemin,0,22,8467400,19,24,0.5,D,1,8,20122013,0,0,0.08108,L,74,Francois Beauchemin,ANA,1407.4791
15,7,19,0.557,3,48,9,Ott,1,93,8468505,3,24,0.5,C,2,3,20122013,0,2,0.12328,L,73,Steve Ott,BUF,1113.4791
9,9,16,0.24,5,48,15,Clarkson,0,78,8470920,-6,24,0.5,R,6,8,20122013,0,0,0.08333,R,180,David Clarkson,NJD,1055.5625
20,4,21,0.55913,0,48,4,Okposo,0,38,8473449,-2,24,0.5,R,0,3,20122013,0,0,0.0396,R,101,Kyle Okposo,NYI,1017.3541
14,9,23,0.41176,1,48,10,Hagelin,0,18,8474176,10,24,0.5,L,1,1,20122013,0,0,0.07575,L,132,Carl Hagelin,NYR,1038.1875
21,3,16,,1,48,3,Ekman-Larsson,0,26,8475171,5,24,0.5,D,0,8,20122013,0,0,0.0297,L,101,Oliver Ekman-Larsson,PHX,1505.7708
17,4,21,0.48562,1,48,7,Eakin,0,31,8475236,1,24,0.5,C,3,3,20122013,0,0,0.10447,L,67,Cody Eakin,DAL,905.0833
17,4,14,,1,34,6,Martin,0,16,8468542,14,23,0.67647,D,2,9,20122013,0,0,0.15789,L,38,Paul Martin,PIT,1519.5
12,7,15,0.46781,2,39,11,Hanzal,0,24,8471691,2,23,0.58974,C,4,7,20122013,0,1,0.11827,L,93,Martin Hanzal,PHX,1112.4358
18,5,23,0.46233,1,43,5,Stajan,0,26,8470162,7,23,0.53488,C,0,0,20122013,0,0,0.11363,L,44,Matt Stajan,CGY,1029.7209
14,9,21,0.0,1,47,9,Stalberg,0,25,8473537,16,23,0.48936,L,0,2,20122013,0,0,0.07964,L,113,Viktor Stalberg,CHI,847.2765
14,9,23,0.33333,2,48,9,Bickell,0,25,8471254,12,23,0.47916,L,0,0,20122013,0,0,0.10975,L,82,Bryan Bickell,CHI,768.3333
10,11,21,0.34782,1,48,13,Cogliano,0,6,8471699,14,23,0.47916,C,0,0,20122013,2,2,0.16455,L,79,Andrew Cogliano,ANA,922.1041
16,7,23,0.5,0,48,7,Kulemin,0,22,8473579,-5,23,0.47916,L,0,0,20122013,0,0,0.09722,L,72,Nikolay Kulemin,TOR,1004.2708
18,3,14,,0,48,5,Shattenkirk,0,20,8474031,2,23,0.47916,D,2,9,20122013,0,0,0.05952,R,84,Kevin Shattenkirk,STL,1278.0833
16,3,17,0.45977,1,34,6,Johansson,0,4,8475149,3,22,0.64705,L,3,4,20122013,0,1,0.15,L,40,Marcus Johansson,WSH,995.147
9,10,15,0.5787,3,43,13,Jokinen,0,24,8469638,-5,22,0.51162,L,3,7,20122013,0,0,0.17567,L,74,Jussi Jokinen,"CAR,PIT",925.8837
9,13,21,0.5,1,43,13,Horton,0,22,8470596,1,22,0.51162,R,0,1,20122013,0,0,0.11403,R,114,Nathan Horton,BOS,1011.3255
14,3,12,1.0,0,45,8,Edler,0,37,8471303,-5,22,0.48888,D,5,10,20122013,0,0,0.07079,L,113,Alexander Edler,VAN,1430.8888
16,2,8,0.0,1,46,6,Wideman,0,12,8469770,-9,22,0.47826,D,4,13,20122013,0,1,0.06382,R,94,Dennis Wideman,CGY,1501.4565
12,6,16,0.34,1,46,10,Raymond,0,16,8471664,2,22,0.47826,L,4,6,20122013,0,0,0.12658,L,79,Mason Raymond,VAN,949.4782
17,4,13,,2,47,5,Ehrhoff,0,34,8469555,6,22,0.46808,D,1,9,20122013,0,0,0.04901,L,102,Christian Ehrhoff,BUF,1511.4893
15,6,13,,0,47,7,Bouwmeester,0,22,8470151,-6,22,0.46808,D,1,7,20122013,0,2,0.0886,L,79,Jay Bouwmeester,"CGY,STL",1478.0425
11,8,15,0.5,2,47,11,McGinn,0,26,8473465,-13,22,0.46808,L,3,7,20122013,0,0,0.08593,L,128,Jamie McGinn,COL,1037.0851
18,4,16,1.0,1,48,4,Tyutin,1,28,8469492,9,22,0.45833,D,0,5,20122013,0,1,0.07142,L,56,Fedor Tyutin,CBJ,1445.7291
17,3,17,,0,48,5,Carle,0,4,8470640,1,22,0.45833,D,2,5,20122013,0,0,0.07575,L,66,Matt Carle,TBL,1424.875
16,3,12,,0,48,6,Doughty,0,36,8474563,4,22,0.45833,D,3,10,20122013,0,0,0.05263,R,114,Drew Doughty,LAK,1583.6666
16,6,17,1.0,0,48,6,Carlson,0,18,8474590,11,22,0.45833,D,0,5,20122013,0,0,0.06185,R,97,John Carlson,WSH,1381.25
10,8,14,0.38709,1,36,11,Heatley,0,8,8468482,-12,21,0.58333,L,3,7,20122013,0,0,0.13253,L,83,Dany Heatley,MIN,1112.0277
14,6,14,0.47979,2,37,7,McDonald,0,16,8468434,-2,21,0.56756,C,1,7,20122013,0,0,0.08139,L,86,Andy McDonald,STL,1035.2432
11,9,15,0.48845,0,38,10,Fisher,0,27,8467370,6,21,0.55263,C,1,6,20122013,0,0,0.14705,R,68,Mike Fisher,NSH,1167.7105
11,8,18,0.08333,5,42,10,Palmieri,0,9,8475151,2,21,0.5,C,2,3,20122013,0,0,0.10869,R,92,Kyle Palmieri,ANA,739.619
5,13,17,0.45454,3,45,16,Grabner,0,12,8473546,4,21,0.46666,L,2,3,20122013,1,1,0.14814,L,108,Michael Grabner,NYI,887.6222
18,2,12,,0,46,3,Del Zotto,0,18,8474584,6,21,0.45652,D,0,8,20122013,1,1,0.03703,L,81,Michael Del Zotto,NYR,1390.4782
13,8,21,0.21428,1,48,8,Cooke,0,36,8465951,-2,21,0.4375,L,0,0,20122013,0,0,0.13114,L,61,Matt Cooke,PIT,882.7708
8,10,18,0.57449,3,48,13,Vermette,0,36,8468535,-3,21,0.4375,C,3,3,20122013,0,0,0.14285,L,91,Antoine Vermette,PHX,1094.75
7,11,17,0.44092,1,48,14,Matthias,0,16,8473574,-8,21,0.4375,L,2,3,20122013,1,1,0.13207,L,106,Shawn Matthias,FLA,911.3958
14,5,13,0.64516,1,28,6,Sharp,0,14,8469544,8,20,0.71428,L,1,7,20122013,0,0,0.06818,R,88,Patrick Sharp,CHI,1129.7142
18,1,12,0.58314,0,29,2,Dubinsky,0,76,8471273,2,20,0.68965,C,1,7,20122013,0,1,0.04,L,50,Brandon Dubinsky,CBJ,1104.3448
14,3,14,0.5285,0,29,6,O'Reilly,0,4,8475158,-3,20,0.68965,C,3,6,20122013,0,0,0.0909,L,66,Ryan O'Reilly,COL,1110.4827
11,7,17,0.30769,0,30,9,Burns,0,20,8470613,0,20,0.66666,D,2,3,20122013,0,0,0.11111,R,81,Brent Burns,SJS,976.9
13,4,8,0.38461,1,30,7,Oshie,0,15,8471698,-5,20,0.66666,R,2,10,20122013,1,2,0.10769,R,65,T.J. Oshie,STL,1145.6
12,8,17,0.32258,1,34,8,Pouliot,1,15,8471678,8,20,0.58823,L,0,3,20122013,0,0,0.13333,L,60,Benoit Pouliot,TBL,794.1764
11,4,11,0.5,1,38,9,Hemsky,0,16,8469466,-6,20,0.52631,R,5,9,20122013,0,0,0.10975,R,82,Ales Hemsky,EDM,942.2105
12,6,16,0.58461,1,39,8,Ward,0,12,8468208,7,20,0.51282,R,1,3,20122013,1,1,0.15384,R,52,Joel Ward,WSH,907.7179
12,6,16,0.83333,1,40,8,MacArthur,0,26,8470667,3,20,0.5,L,2,4,20122013,0,0,0.12903,L,62,Clarke MacArthur,TOR,894.55
13,4,16,0.46355,0,42,7,Zibanejad,0,6,8476459,9,20,0.47619,C,3,4,20122013,0,0,0.07777,R,90,Mika Zibanejad,OTT,813.9761
12,8,18,0.14285,2,43,8,Bouchard,0,8,8470153,3,20,0.46511,C,0,2,20122013,0,0,0.11267,L,71,Pierre-Marc Bouchard,MIN,836.5581
16,4,18,,0,44,4,Hedman,0,31,8475167,1,20,0.45454,D,0,2,20122013,0,0,0.05263,L,76,Victor Hedman,TBL,1359.5681
15,3,17,0.29032,0,45,5,Moss,0,21,8469664,3,20,0.44444,R,1,2,20122013,1,1,0.06097,R,82,David Moss,PHX,933.0222
13,2,6,,0,46,7,Boyle,0,27,8467096,3,20,0.43478,D,5,13,20122013,0,1,0.07216,R,97,Dan Boyle,SJS,1367.8695
12,5,13,,1,47,8,Seabrook,1,23,8470607,12,20,0.42553,D,3,7,20122013,0,0,0.12307,R,65,Brent Seabrook,CHI,1319.9361
10,9,17,0.49709,1,47,10,Mitchell,0,18,8470750,5,20,0.42553,C,1,3,20122013,0,0,0.13888,L,72,John Mitchell,COL,1004.9787
13,5,15,0.57434,1,48,7,Zajac,0,22,8471233,-5,20,0.41666,C,1,4,20122013,1,1,0.08536,R,82,Travis Zajac,NJD,1171.9791
12,5,13,0.38095,1,25,7,Wilson,1,4,8474569,1,19,0.76,C,2,6,20122013,0,0,0.26923,L,26,Colin Wilson,NSH,994.0
12,6,16,0.39285,2,38,7,Killorn,0,14,8473986,-6,19,0.5,L,1,3,20122013,0,0,0.08536,L,82,Alex Killorn,TBL,1009.1315
8,11,17,0.46666,1,38,11,Bailey,0,6,8474573,7,19,0.5,R,0,2,20122013,0,0,0.14473,L,76,Josh Bailey,NYI,982.7368
11,5,14,1.0,1,38,8,Tarasenko,0,10,8475765,1,19,0.5,R,3,5,20122013,0,0,0.10666,L,75,Vladimir Tarasenko,STL,804.6052
16,2,15,0.33333,0,40,3,Clowe,0,93,8469622,1,19,0.475,L,1,4,20122013,0,0,0.03448,L,87,Ryane Clowe,"SJS,NYR",997.975
10,5,13,0.52162,1,42,9,Goc,0,8,8469473,-6,19,0.45238,C,4,6,20122013,0,0,0.09782,L,92,Marcel Goc,FLA,1096.1666
14,2,9,,0,42,5,Wiercioch,0,39,8474605,9,19,0.45238,D,3,10,20122013,0,0,0.06172,L,81,Patrick Wiercioch,OTT,941.619
14,2,11,,1,44,5,Johnson,0,12,8471677,-5,19,0.43181,D,3,8,20122013,0,0,0.05208,L,96,Jack Johnson,CBJ,1558.4318
13,5,16,0.33333,2,45,6,Foligno,1,28,8473422,6,19,0.42222,L,1,3,20122013,0,0,0.08695,L,69,Nick Foligno,CBJ,991.4666
11,6,15,0.46808,2,47,8,Greening,0,11,8471862,5,19,0.40425,C,2,4,20122013,0,0,0.1,L,80,Colin Greening,OTT,883.7872
15,4,17,0.0,1,47,4,McDonagh,0,22,8474151,13,19,0.40425,D,0,1,20122013,0,1,0.04819,L,83,Ryan McDonagh,NYR,1461.4893
12,4,14,0.0,2,48,7,Chara,0,70,8465009,14,19,0.39583,D,3,4,20122013,0,1,0.05882,L,119,Zdeno Chara,BOS,1496.1666
15,3,8,,0,48,4,Zidlicky,0,38,8469623,-12,19,0.39583,D,1,11,20122013,0,0,0.0396,R,101,Marek Zidlicky,NJD,1259.6666
13,6,19,0.30188,1,48,6,Winnik,0,16,8471476,13,19,0.39583,L,0,0,20122013,0,0,0.06315,L,95,Daniel Winnik,ANA,1009.6041
11,7,15,0.56521,2,48,8,Sobotka,1,35,8471743,-4,19,0.39583,C,1,4,20122013,0,0,0.11594,L,69,Vladimir Sobotka,STL,927.375
8,8,15,0.50197,5,48,11,Sutter,1,4,8474091,3,19,0.39583,C,3,4,20122013,0,0,0.13414,R,82,Brandon Sutter,PIT,984.375
9,7,15,0.38461,2,48,10,Silfverberg,0,12,8475164,9,19,0.39583,R,2,3,20122013,1,1,0.07462,R,134,Jakob Silfverberg,OTT,973.7291
7,8,15,0.375,3,16,11,Lupul,0,12,8470207,8,18,1.125,L,3,3,20122013,0,0,0.2619,R,42,Joffrey Lupul,TOR,967.375
7,10,17,0.48919,3,35,11,Anisimov,1,12,8473573,-6,18,0.51428,C,1,1,20122013,0,0,0.16176,L,68,Artem Anisimov,CBJ,984.5142
9,8,16,,1,35,9,Atkinson,0,4,8474715,9,18,0.51428,R,1,2,20122013,0,0,0.0989,R,91,Cam Atkinson,CBJ,935.1714
11,6,17,0.46153,0,39,7,Torres,0,17,8468485,0,18,0.46153,L,1,1,20122013,0,0,0.11666,L,60,Raffi Torres,"PHX,SJS",796.1794
12,4,15,0.42105,0,40,6,Antropov,0,16,8467353,6,18,0.45,C,2,3,20122013,0,0,0.10714,L,56,Nik Antropov,WPG,957.4
10,7,14,0.16666,1,40,8,Havlat,0,30,8467899,7,18,0.45,R,1,4,20122013,0,0,0.08988,L,89,Martin Havlat,SJS,950.6
12,6,15,0.44047,0,46,6,Stafford,0,21,8471226,-16,18,0.3913,R,0,3,20122013,0,0,0.04958,R,121,Drew Stafford,BUF,1021.1304
12,4,10,0.58448,0,47,6,Peverley,0,16,8471514,-9,18,0.38297,C,2,6,20122013,0,2,0.06315,R,95,Rich Peverley,BOS,915.468
13,4,13,0.6,0,47,5,Foligno,0,41,8475220,-4,18,0.38297,L,1,4,20122013,0,1,0.0909,L,55,Marcus Foligno,BUF,817.6382
11,5,11,0.56032,3,48,7,Stoll,0,28,8468526,1,18,0.375,C,1,5,20122013,1,2,0.09589,R,73,Jarret Stoll,LAK,991.1041
10,6,13,0.5,0,48,8,Umberger,0,16,8469469,3,18,0.375,C,2,5,20122013,0,0,0.08333,L,96,R.J. Umberger,CBJ,1109.3333
13,4,11,,1,48,5,Josi,1,8,8474600,-7,18,0.375,D,1,7,20122013,0,0,0.05208,L,96,Roman Josi,NSH,1411.7708
12,4,10,,2,48,6,Leddy,1,10,8475181,15,18,0.375,D,2,8,20122013,0,0,0.0923,L,65,Nick Leddy,CHI,1045.1666
8,6,12,0.33333,1,36,9,Landeskog,0,22,8476455,-4,17,0.47222,L,0,2,20122013,3,3,0.08256,L,109,Gabriel Landeskog,COL,1159.5555
11,4,14,0.51692,1,39,6,Perreault,0,20,8473618,7,17,0.43589,C,2,3,20122013,0,0,0.12765,L,47,Mathieu Perreault,WSH,700.0512
8,8,13,0.464,0,39,9,Cervenka,0,14,8476834,-13,17,0.43589,C,1,4,20122013,0,0,0.17647,L,51,Roman Cervenka,CGY,788.4358
11,3,9,,2,40,6,Corvo,0,14,8466215,-3,17,0.425,D,3,8,20122013,0,0,0.0845,R,71,Joe Corvo,CAR,1125.55
8,6,14,0.55417,0,41,9,Filppula,0,6,8470047,-4,17,0.41463,C,3,3,20122013,0,0,0.11538,L,78,Valtteri Filppula,DET,1066.5609
8,6,13,0.0,2,41,9,Fehr,2,10,8470611,14,17,0.41463,C,2,3,20122013,1,1,0.125,R,72,Eric Fehr,WSH,802.2682
10,3,9,0.5,1,42,7,Sullivan,0,24,8460719,-12,17,0.40476,L,4,8,20122013,0,0,0.11475,R,61,Steve Sullivan,"PHX,NJD",873.238
9,6,13,0.4423,0,43,8,Mueller,0,18,8473526,-11,17,0.39534,C,2,4,20122013,0,0,0.06106,R,131,Peter Mueller,FLA,975.7209
10,5,12,1.0,3,44,7,Souray,0,52,8460561,19,17,0.38636,D,2,5,20122013,0,0,0.0875,L,80,Sheldon Souray,ANA,1255.75
10,6,16,0.5,0,45,7,McDonald,0,32,8470644,-1,17,0.37777,R,1,1,20122013,0,0,0.08536,R,82,Colin McDonald,NYI,682.4222
15,1,10,,0,46,2,Salo,0,16,8465202,5,17,0.36956,D,1,7,20122013,0,0,0.04166,R,48,Sami Salo,TBL,1259.1086
13,4,15,,2,46,4,Seidenberg,0,10,8469619,18,17,0.36956,D,0,2,20122013,0,0,0.04819,L,83,Dennis Seidenberg,BOS,1427.5652
13,3,14,0.51534,0,46,4,Fiddler,0,48,8469759,3,17,0.36956,C,1,2,20122013,0,1,0.07142,L,56,Vernon Fiddler,DAL,771.2608
7,8,14,0.2,1,46,10,Paille,0,8,8470230,3,17,0.36956,L,0,1,20122013,2,2,0.14285,L,70,Daniel Paille,BOS,760.9565
9,8,17,0.51653,0,48,8,McClement,0,11,8469508,0,17,0.35416,C,0,0,20122013,0,0,0.16666,L,48,Jay McClement,TOR,914.9375
8,6,12,0.47665,1,32,8,Backlund,0,29,8474150,-6,16,0.5,C,2,4,20122013,0,0,0.0909,L,88,Mikael Backlund,CGY,907.4687
10,3,10,0.45925,1,34,6,Brière,1,10,8464975,-13,16,0.47058,C,3,6,20122013,0,0,0.06896,R,87,Daniel Brière,PHI,963.5882
5,7,12,0.66666,2,34,11,Bourque,0,4,8475268,6,16,0.47058,L,3,3,20122013,1,1,0.22,L,50,Gabriel Bourque,NSH,949.9411
11,3,11,1.0,0,38,5,Gagne,0,8,8467346,-1,16,0.42105,L,2,4,20122013,0,1,0.06578,L,76,Simon Gagne,"LAK,PHI",848.2631
5,6,9,0.4897,2,42,11,Henrique,0,16,8474641,-3,16,0.38095,C,3,4,20122013,2,3,0.14102,L,78,Adam Henrique,NJD,1099.0952
7,8,15,0.33333,2,42,9,Calvert,1,32,8474685,-9,16,0.38095,L,0,0,20122013,1,1,0.14285,L,63,Matt Calvert,CBJ,850.7619
7,6,13,0.33333,2,42,9,Paajarvi,0,14,8475175,-1,16,0.38095,L,2,2,20122013,1,1,0.12,L,75,Magnus Paajarvi,EDM,847.8095
11,3,12,,0,42,5,Hamilton,0,14,8476462,4,16,0.38095,D,2,4,20122013,0,0,0.06024,R,83,Dougie Hamilton,BOS,1027.6904
8,8,16,0.5,1,43,8,Pyatt,0,12,8471768,5,16,0.37209,L,0,0,20122013,0,0,0.13333,L,60,Tom Pyatt,TBL,814.9069
12,2,13,,0,44,4,Clitsome,0,18,8471482,10,16,0.36363,D,2,3,20122013,0,0,0.07142,L,56,Grant Clitsome,WPG,1130.1363
9,4,9,,1,45,7,Muzzin,0,35,8474162,16,16,0.35555,D,3,7,20122013,0,0,0.0909,L,77,Jake Muzzin,LAK,1073.7111
8,6,14,0.3617,0,46,8,Dwyer,0,12,8470302,-7,16,0.34782,R,1,1,20122013,1,1,0.08602,R,93,Patrick Dwyer,CAR,925.8913
8,5,10,,2,47,8,Garrison,0,28,8474520,18,16,0.34042,D,3,6,20122013,0,0,0.0851,L,94,Jason Garrison,VAN,1301.4042
7,9,13,0.50626,1,48,9,Grabovski,0,24,8471362,-10,16,0.33333,C,0,3,20122013,0,0,0.1125,L,80,Mikhail Grabovski,TOR,934.2083
12,1,9,,1,48,4,Greene,0,20,8472382,12,16,0.33333,D,2,6,20122013,1,1,0.06349,L,63,Andy Greene,NJD,1382.4583
11,3,7,,2,22,4,Enstrom,0,8,8470828,-8,15,0.68181,D,1,7,20122013,0,1,0.19047,L,21,Toby Enstrom,WPG,1351.4545
14,1,15,,0,37,1,Gunnarsson,0,14,8474125,5,15,0.4054,D,0,0,20122013,0,0,0.03571,L,28,Carl Gunnarsson,TOR,1276.9459
10,3,11,,0,38,5,Faulk,0,15,8475753,1,15,0.39473,D,1,3,20122013,1,1,0.06578,R,76,Justin Faulk,CAR,1440.4736
13,2,7,0.55864,0,39,2,Gomez,0,22,8467351,-10,15,0.38461,C,0,8,20122013,0,0,0.03448,L,58,Scott Gomez,SJS,812.0256
9,6,13,0.55128,2,39,6,Wellwood,0,2,8469581,0,15,0.38461,C,0,2,20122013,0,0,0.16216,R,37,Kyle Wellwood,WPG,778.5897
10,1,8,,2,39,5,Spurgeon,0,4,8474716,1,15,0.38461,D,4,7,20122013,0,0,0.07462,R,67,Jared Spurgeon,MIN,1292.6153
5,10,15,0.36263,1,41,10,Higgins,0,10,8470274,-4,15,0.36585,L,0,0,20122013,0,0,0.12987,L,77,Chris Higgins,VAN,984.9512
9,5,12,0.51807,1,44,6,Carter,0,31,8473646,-2,15,0.3409,L,0,0,20122013,1,3,0.09523,L,63,Ryan Carter,NJD,783.159
8,7,15,0.51239,0,45,7,Thompson,0,17,8470775,-2,15,0.33333,C,0,0,20122013,0,0,0.12068,L,58,Nate Thompson,TBL,860.2444
9,6,14,0.52173,1,45,6,Cizikas,0,14,8475231,0,15,0.33333,C,0,1,20122013,0,0,0.13333,L,45,Casey Cizikas,NYI,647.2
12,2,12,0.75,0,46,3,Kostitsyn,0,11,8471859,-5,15,0.32608,L,1,3,20122013,0,0,0.07142,L,42,Sergei Kostitsyn,NSH,1003.1739
11,4,11,0.43942,0,46,4,Couturier,0,10,8476461,-8,15,0.32608,C,0,4,20122013,0,0,0.05333,L,75,Sean Couturier,PHI,953.3478
7,6,11,0.5,1,47,8,Bernier,0,17,8470609,-7,15,0.31914,R,2,4,20122013,0,0,0.0909,R,88,Steve Bernier,NJD,825.7446
11,2,10,,1,47,4,Giordano,1,40,8470966,-7,15,0.31914,D,1,3,20122013,1,2,0.06896,L,58,Mark Giordano,CGY,1389.5957
6,3,9,0.47826,0,48,9,Cleary,0,40,8466149,-6,15,0.3125,R,5,5,20122013,1,1,0.09677,L,93,Daniel Cleary,DET,986.6041
11,4,13,0.51846,0,48,4,Smith,0,56,8474250,-9,15,0.3125,C,0,2,20122013,0,0,0.04255,L,94,Zack Smith,OTT,908.875
6,7,13,0.43982,2,48,9,Shaw,0,38,8476381,6,15,0.3125,R,2,2,20122013,0,0,0.14062,R,64,Andrew Shaw,CHI,903.0833
8,3,9,,2,17,6,Karlsson,0,8,8474578,8,14,0.82352,D,2,4,20122013,1,1,0.07594,R,79,Erik Karlsson,OTT,1629.2941
10,4,11,0.5,0,23,4,Michalek,0,17,8470599,8,14,0.60869,L,0,2,20122013,0,1,0.06896,L,58,Milan Michalek,OTT,1091.4782
13,1,6,,0,23,1,Diaz,0,6,8476244,4,14,0.60869,D,0,8,20122013,0,0,0.02941,R,34,Raphael Diaz,MTL,1233.3478
10,0,7,0.5,1,24,4,Hornqvist,0,14,8471887,-1,14,0.58333,R,4,7,20122013,0,0,0.04597,R,87,Patric Hornqvist,NSH,973.5
11,2,9,0.25,2,26,3,Bennett,0,6,8475761,7,14,0.53846,R,1,5,20122013,0,0,0.1,R,30,Beau Bennett,PIT,738.1538
9,1,8,,0,30,5,Wisniewski,0,15,8470222,-1,14,0.46666,D,4,5,20122013,0,1,0.08064,R,62,James Wisniewski,CBJ,1369.8333
12,2,13,0.4,0,33,2,Penner,0,18,8471208,-2,14,0.42424,L,0,1,20122013,0,0,0.03278,L,61,Dustin Penner,LAK,761.8787
9,5,11,,0,33,5,Bogosian,0,29,8474567,-5,14,0.42424,D,0,3,20122013,0,0,0.05882,R,85,Zach Bogosian,WPG,1387.4242
11,2,6,,0,35,3,Visnovsky,0,20,8468598,12,14,0.4,D,1,8,20122013,0,0,0.04347,L,69,Lubomir Visnovsky,NYI,1368.3142
7,6,10,0.46138,1,35,7,Bolland,0,22,8471245,-7,14,0.4,C,1,3,20122013,0,1,0.15217,R,46,Dave Bolland,CHI,980.2285
9,4,12,0.26315,0,36,5,Galiardi,0,14,8474001,1,14,0.38888,L,1,2,20122013,0,0,0.07352,L,68,TJ Galiardi,SJS,832.2222
6,7,13,0.34615,2,37,8,Coyle,0,28,8475745,3,14,0.37837,C,1,1,20122013,0,0,0.16,R,50,Charlie Coyle,MIN,903.7567
9,5,14,0.45454,1,38,5,Prust,0,110,8471283,11,14,0.36842,L,0,0,20122013,0,0,0.1282,L,39,Brandon Prust,MTL,818.0789
7,7,14,0.54545,0,39,7,Roussel,0,85,8474849,3,14,0.35897,L,0,0,20122013,0,0,0.15217,L,46,Antoine Roussel,DAL,563.9743
10,4,12,,2,40,4,Niskanen,0,12,8471702,4,14,0.35,D,0,2,20122013,0,0,0.0597,R,67,Matt Niskanen,PIT,1221.45
7,7,13,0.47619,0,45,7,Jokinen,0,14,8466140,-19,14,0.31111,C,0,1,20122013,0,0,0.08235,L,85,Olli Jokinen,WPG,1027.6222
9,5,14,0.48275,0,46,5,Chipchura,0,50,8471231,1,14,0.30434,C,0,0,20122013,0,0,0.13513,L,37,Kyle Chipchura,PHX,581.7173
12,2,12,,1,46,2,Girardi,1,16,8471958,-1,14,0.30434,D,0,2,20122013,0,0,0.02469,R,81,Dan Girardi,NYR,1524.8913
9,4,13,0.41643,1,47,5,Hecht,0,18,8462077,6,14,0.29787,C,0,0,20122013,1,1,0.07246,L,69,Jochen Hecht,BUF,821.8723
11,3,14,0.58333,0,47,3,Chimera,0,48,8466251,-5,14,0.29787,L,0,0,20122013,0,0,0.0326,L,92,Jason Chimera,WSH,760.4893
11,3,14,,0,47,3,Klein,0,9,8470630,-1,14,0.29787,D,0,0,20122013,0,0,0.05555,R,54,Kevin Klein,NSH,1225.1063
12,2,8,,0,47,2,Brodie,0,8,8474673,-9,14,0.29787,D,0,6,20122013,0,0,0.04545,L,44,TJ Brodie,CGY,1213.0
9,4,13,,0,48,5,Phillips,0,43,8464956,-5,14,0.29166,D,1,1,20122013,0,0,0.05617,L,89,Chris Phillips,OTT,1262.6666
10,4,11,0.57287,0,48,4,Gordon,0,8,8470159,0,14,0.29166,C,0,2,20122013,0,1,0.06779,R,59,Boyd Gordon,PHX,900.6666
10,4,13,0.35128,0,48,4,Gionta,0,14,8472410,2,14,0.29166,C,0,0,20122013,0,1,0.06896,R,58,Stephen Gionta,NJD,781.5208
9,4,12,0.48437,2,48,5,Lewis,0,19,8473453,5,14,0.29166,C,0,0,20122013,1,2,0.05434,R,92,Trevor Lewis,LAK,912.1875
7,7,14,0.11111,1,48,7,Clifford,0,51,8475160,1,14,0.29166,L,0,0,20122013,0,0,0.125,L,56,Kyle Clifford,LAK,636.375
9,2,8,0.57425,1,17,4,Kesler,0,12,8470616,-5,13,0.7647,C,2,5,20122013,0,0,0.11111,R,36,Ryan Kesler,VAN,1137.0588
6,7,13,0.625,3,25,7,Frattin,1,4,8474192,6,13,0.52,R,0,0,20122013,0,0,0.16666,R,42,Matt Frattin,TOR,793.56
6,5,10,0.0,1,27,7,Bourque,1,32,8471504,-1,13,0.48148,R,2,3,20122013,0,0,0.11111,L,63,Rene Bourque,MTL,979.8148
8,4,10,0.46779,0,27,5,Bonino,0,8,8474009,-3,13,0.48148,C,1,3,20122013,0,0,0.13513,L,37,Nick Bonino,ANA,953.1851
11,1,8,,1,32,2,Barrie,1,10,8475197,-11,13,0.40625,D,1,5,20122013,0,0,0.03448,R,58,Tyson Barrie,COL,1294.9062
9,4,6,,0,34,4,Whitney,0,23,8470309,-7,13,0.38235,D,0,7,20122013,0,0,0.13333,L,30,Ryan Whitney,EDM,1108.647
9,3,10,,2,41,4,Kindl,0,28,8471693,15,13,0.31707,D,1,3,20122013,0,0,0.05263,L,76,Jakub Kindl,DET,1113.3658
5,6,11,0.31578,1,42,8,Beleskey,0,56,8473492,2,13,0.30952,L,2,2,20122013,0,0,0.13114,L,61,Matt Beleskey,ANA,720.9761
8,4,11,0.25,0,42,5,Wingels,0,26,8474739,-9,13,0.30952,C,0,1,20122013,1,1,0.07246,R,69,Tommy Wingels,SJS,854.0
10,2,9,,0,43,3,Gilbert,0,18,8470104,-11,13,0.30232,D,1,4,20122013,0,0,0.08333,R,36,Tom Gilbert,MIN,1159.2325
10,1,9,0.47855,1,43,3,Shore,0,14,8475213,-10,13,0.30232,C,1,3,20122013,1,1,0.03125,R,96,Drew Shore,FLA,948.4186
9,2,9,,0,44,4,Daley,0,14,8470110,1,13,0.29545,D,2,3,20122013,0,1,0.06896,L,58,Trevor Daley,DAL,1284.7272
10,3,13,,1,45,3,Ericsson,0,29,8470318,6,13,0.28888,D,0,0,20122013,0,0,0.08823,L,34,Jonathan Ericsson,DET,1279.4666
6,7,13,0.55555,1,45,7,Schwartz,0,4,8475768,-4,13,0.28888,L,0,0,20122013,0,0,0.14,L,50,Jaden Schwartz,STL,748.0888
11,1,11,0.43069,0,47,2,Smyth,0,40,8460496,-5,13,0.27659,L,0,1,20122013,1,1,0.02898,L,69,Ryan Smyth,EDM,922.234
4,8,10,0.32835,2,47,9,Cole,0,20,8467396,-6,13,0.27659,L,1,3,20122013,0,0,0.10465,L,86,Erik Cole,"MTL,DAL",983.5319
9,4,12,0.36021,1,47,4,Fedotenko,1,12,8468172,8,13,0.27659,L,0,0,20122013,0,1,0.09302,L,43,Ruslan Fedotenko,PHI,754.4255
13,0,12,,0,47,0,Hainsey,0,10,8468493,-8,13,0.27659,D,0,1,20122013,0,0,0.0,L,52,Ron Hainsey,WPG,1371.5957
4,8,10,0.46265,2,47,9,Spaling,0,18,8474096,-10,13,0.27659,C,1,2,20122013,0,1,0.15789,L,57,Nick Spaling,NSH,951.617
9,4,11,0.46247,2,47,4,Kruger,0,24,8475323,3,13,0.27659,C,0,2,20122013,0,0,0.08,L,50,Marcus Kruger,CHI,849.9361
12,1,9,,0,48,1,Robidas,0,56,8462196,2,13,0.27083,D,0,4,20122013,0,0,0.02173,R,46,Stephane Robidas,DAL,1334.3125
9,4,12,,0,48,4,Ference,0,35,8466333,9,13,0.27083,D,0,0,20122013,0,1,0.0606,L,66,Andrew Ference,BOS,1169.375
9,3,11,0.47132,0,48,4,Campbell,0,41,8470169,2,13,0.27083,C,0,1,20122013,1,1,0.07692,L,52,Gregory Campbell,BOS,822.7916
3,10,13,0.52,0,48,10,Abdelkader,0,34,8471716,6,13,0.27083,L,0,0,20122013,0,0,0.10416,L,96,Justin Abdelkader,DET,888.6875
12,0,11,0.0,0,27,0,Rozsival,0,14,8465058,18,12,0.44444,D,0,0,20122013,0,1,0.0,R,13,Michal Rozsival,CHI,1086.7037
4,7,9,0.38834,0,28,8,Loktionov,0,4,8474681,-2,12,0.42857,C,1,3,20122013,0,0,0.17021,L,47,Andrei Loktionov,NJD,855.2857
5,4,8,0.49,1,31,7,Horcoff,0,24,8467423,8,12,0.38709,C,3,4,20122013,0,0,0.17073,L,41,Shawn Horcoff,EDM,1011.2903
6,4,9,,1,36,6,Bieksa,0,48,8469598,6,12,0.33333,D,2,3,20122013,0,0,0.07792,R,77,Kevin Bieksa,VAN,1316.4444
10,2,11,,0,37,2,Sekera,0,4,8471284,-2,12,0.32432,D,0,0,20122013,0,1,0.0606,L,33,Andrej Sekera,BUF,1272.4864
9,3,12,,0,38,3,Emelin,0,33,8471296,2,12,0.31578,D,0,0,20122013,0,0,0.0909,L,33,Alexei Emelin,MTL,1180.0
6,2,7,,0,38,6,Irwin,0,10,8475625,-1,12,0.31578,D,4,5,20122013,0,0,0.07594,L,79,Matt Irwin,SJS,1146.0526
9,3,12,0.5,0,40,3,Skille,0,11,8471681,-9,12,0.3,R,0,0,20122013,0,0,0.04347,R,69,Jack Skille,FLA,799.425
7,5,11,0.51417,2,40,5,Johansen,0,12,8475793,-7,12,0.3,C,0,1,20122013,0,0,0.05952,R,84,Ryan Johansen,CBJ,965.05
6,5,11,0.48546,1,41,6,Aucoin,0,4,8469779,-1,12,0.29268,C,1,1,20122013,0,0,0.12,L,50,Keith Aucoin,NYI,749.5609
6,5,11,0.46511,1,42,6,Comeau,0,20,8471260,-4,12,0.28571,L,0,0,20122013,1,1,0.125,R,48,Blake Comeau,"CGY,CBJ",729.5476
8,2,5,0.395,0,44,4,Smith,0,20,8475225,-11,12,0.27272,C,2,7,20122013,0,0,0.04819,R,83,Craig Smith,NSH,831.409
9,3,12,,0,46,3,Jackman,0,39,8467890,6,12,0.26086,D,0,0,20122013,0,0,0.07692,L,39,Barret Jackman,STL,1159.2826
8,3,11,,1,48,4,Brewer,0,32,8466142,3,12,0.25,D,1,1,20122013,0,0,0.07142,L,56,Eric Brewer,TBL,1230.7916
11,1,11,0.0,0,48,1,Scuderi,0,4,8467452,-6,12,0.25,D,0,0,20122013,0,1,0.0303,L,33,Rob Scuderi,LAK,1307.4791
8,4,9,0.5,3,48,4,Neil,0,144,8467493,0,12,0.25,R,0,3,20122013,0,0,0.04597,R,87,Chris Neil,OTT,831.7708
9,3,10,,0,48,3,Oduya,0,10,8469665,12,12,0.25,D,0,1,20122013,0,1,0.05769,L,52,Johnny Oduya,CHI,1231.25
4,6,9,0.4941,1,48,8,Brodziak,0,20,8470803,-18,12,0.25,C,1,2,20122013,1,1,0.0909,R,88,Kyle Brodziak,MIN,1041.2916
4,8,11,0.41176,0,48,8,McLeod,0,83,8471657,4,12,0.25,L,0,1,20122013,0,0,0.10126,L,79,Cody McLeod,COL,785.3125
9,2,11,0.0,0,48,3,Petry,0,29,8473507,1,12,0.25,D,0,0,20122013,1,1,0.04545,R,66,Jeff Petry,EDM,1314.5416
9,2,9,,1,48,3,MacDonald,0,20,8473584,-2,12,0.25,D,1,3,20122013,0,0,0.06666,L,45,Andrew MacDonald,NYI,1411.4375
8,4,12,0.38095,0,48,4,Condra,0,34,8473588,3,12,0.25,R,0,0,20122013,0,0,0.05479,R,73,Erik Condra,OTT,790.4583
9,1,8,,0,21,2,Staal,0,14,8471686,4,11,0.5238,D,1,3,20122013,0,0,0.1,L,20,Marc Staal,NYR,1467.0
6,4,10,1.0,1,22,5,Klinkhammer,0,10,8473970,7,11,0.5,L,1,1,20122013,0,0,0.14705,L,34,Rob Klinkhammer,PHX,733.8181
5,5,10,0.4,1,26,6,Flynn,0,0,8476808,6,11,0.42307,C,0,0,20122013,1,1,0.12244,R,49,Brian Flynn,BUF,880.8076
7,2,8,0.33333,0,29,4,Hejduk,0,0,8460577,-7,11,0.37931,R,2,3,20122013,0,0,0.09756,R,41,Milan Hejduk,COL,788.5172
3,4,6,0.75,1,32,8,Hartnell,0,70,8468486,-5,11,0.34375,L,4,5,20122013,0,0,0.1081,L,74,Scott Hartnell,PHI,952.25
9,2,10,0.0,0,32,2,Liles,0,4,8468639,-1,11,0.34375,D,0,1,20122013,0,0,0.04255,L,47,John-Michael Liles,TOR,1126.0625
7,3,7,0.4,0,34,4,Butler,0,4,8475637,-8,11,0.32352,R,1,4,20122013,0,0,0.09756,R,41,Bobby Butler,"NJD,NSH",648.2058
5,5,9,0.375,0,36,6,Korpikoski,0,12,8471232,-3,11,0.30555,L,1,2,20122013,0,0,0.07228,L,83,Lauri Korpikoski,PHX,1027.3888
6,5,11,0.33333,1,36,5,Halischuk,0,10,8474094,1,11,0.30555,R,0,0,20122013,0,0,0.09803,R,51,Matt Halischuk,NSH,717.0277
10,0,5,,0,37,1,Fowler,0,4,8475764,-4,11,0.29729,D,1,6,20122013,0,0,0.02,L,50,Cam Fowler,ANA,1226.3513
11,0,8,,0,39,0,Morris,0,36,8464966,-6,11,0.28205,D,0,3,20122013,0,0,0.0,R,68,Derek Morris,PHX,1283.7692
4,5,8,0.42857,1,39,7,Kassian,0,51,8475178,-7,11,0.28205,R,2,3,20122013,0,0,0.14285,R,49,Zack Kassian,VAN,808.8205
9,1,9,,0,45,2,Brodin,0,10,8476463,3,11,0.24444,D,1,2,20122013,0,0,0.03921,L,51,Jonas Brodin,MIN,1392.7777
5,5,8,0.44827,1,46,6,Kennedy,1,19,8471311,-6,11,0.23913,C,1,3,20122013,0,0,0.06,R,100,Tyler Kennedy,PIT,747.6739
9,2,10,,0,47,2,Methot,0,31,8470760,2,11,0.23404,D,0,1,20122013,0,0,0.03773,L,53,Marc Methot,OTT,1333.6808
8,3,11,,0,47,3,Schenn,0,34,8474568,3,11,0.23404,D,0,0,20122013,0,0,0.03703,R,81,Luke Schenn,PHI,1311.7659
5,5,9,0.4,0,48,6,Pyatt,0,6,8467881,5,11,0.22916,L,1,2,20122013,0,0,0.10714,L,56,Taylor Pyatt,NYR,786.0208
4,6,10,0.57692,3,48,7,Nystrom,0,61,8470180,-3,11,0.22916,L,0,0,20122013,1,1,0.14285,L,49,Eric Nystrom,DAL,861.0
7,3,10,0.33333,1,48,4,Martin,0,63,8474709,-2,11,0.22916,L,1,1,20122013,0,0,0.0597,L,67,Matt Martin,NYI,714.3958
7,3,10,1.0,0,20,3,Baertschi,0,6,8476466,0,10,0.5,L,0,0,20122013,0,0,0.10714,L,28,Sven Baertschi,CGY,804.35
4,5,9,0.0,0,27,6,Latendresse,0,8,8471670,-2,10,0.37037,L,1,1,20122013,0,0,0.1132,L,53,Guillaume Latendresse,OTT,888.037
7,2,6,,0,29,3,Brennan,0,8,8474113,-9,10,0.34482,D,1,4,20122013,0,0,0.07142,L,42,TJ Brennan,"BUF,FLA",1001.3103
7,2,8,,2,33,3,Benoit,0,8,8470378,-3,10,0.30303,D,1,2,20122013,0,0,0.06,L,50,Andre Benoit,OTT,985.0606
7,1,4,,2,34,3,Kulikov,1,22,8475179,-5,10,0.29411,D,2,6,20122013,0,0,0.05769,L,52,Dmitry Kulikov,FLA,1258.5882
5,4,9,0.47916,0,35,5,Talbot,0,23,8470171,2,10,0.28571,C,0,0,20122013,1,1,0.12195,L,41,Max Talbot,PHI,925.9142
10,0,6,,0,35,0,Lovejoy,0,29,8473933,4,10,0.28571,D,0,3,20122013,0,1,0.0,R,58,Ben Lovejoy,"PIT,ANA",1069.5714
7,3,10,0.41176,0,36,3,Garbutt,0,32,8476116,1,10,0.27777,C,0,0,20122013,0,0,0.05084,L,59,Ryan Garbutt,DAL,595.3055
7,3,8,0.4,0,38,3,Etem,0,9,8475770,7,10,0.26315,R,0,0,20122013,0,2,0.0625,L,48,Emerson Etem,ANA,687.7105
8,2,6,,0,39,2,Leopold,0,14,8467917,-8,10,0.25641,D,0,4,20122013,0,0,0.03333,L,60,Jordan Leopold,"BUF,STL",1204.3589
5,4,9,0.0,0,42,5,Gerbe,0,14,8471804,-3,10,0.23809,C,0,0,20122013,1,1,0.07812,L,64,Nathan Gerbe,BUF,750.238
6,4,9,0.5,1,42,4,Clutterbuck,0,27,8473504,-5,10,0.23809,R,0,0,20122013,0,1,0.04597,R,87,Cal Clutterbuck,MIN,824.0714
9,1,6,,0,44,1,Kuba,0,24,8462225,-18,10,0.22727,D,0,4,20122013,0,0,0.02,L,50,Filip Kuba,FLA,1273.409
6,4,10,0.47176,0,44,4,Burmistrov,0,14,8475788,0,10,0.22727,C,0,0,20122013,0,0,0.07272,L,55,Alexander Burmistrov,WPG,938.3863
7,3,10,0.375,1,45,3,Frolik,0,8,8473564,5,10,0.22222,R,0,0,20122013,0,0,0.03061,L,98,Michael Frolik,CHI,751.0666
9,1,10,0.0,1,46,1,Hejda,0,28,8470699,-3,10,0.21739,D,0,0,20122013,0,0,0.02,L,50,Jan Hejda,COL,1181.9565
8,2,10,,0,46,2,Hjalmarsson,0,22,8471769,15,10,0.21739,D,0,0,20122013,0,0,0.04651,L,43,Niklas Hjalmarsson,CHI,1254.4565
7,3,9,,2,47,3,Harrison,1,51,8469531,-10,10,0.21276,D,0,1,20122013,0,0,0.05555,L,54,Jay Harrison,CAR,1194.468
6,4,10,0.33333,0,47,4,King,0,11,8474100,-3,10,0.21276,L,0,0,20122013,0,0,0.06666,L,60,Dwight King,LAK,765.3617
6,4,10,0.50553,1,48,4,Lapierre,0,45,8470654,-6,10,0.20833,C,0,0,20122013,0,0,0.07407,R,54,Maxim Lapierre,VAN,755.7291
10,0,9,,0,48,0,Stoner,0,42,8470886,0,10,0.20833,D,0,0,20122013,0,1,0.0,L,40,Clayton Stoner,MIN,1092.875
7,2,6,,1,48,3,Hamonic,0,28,8474612,-8,10,0.20833,D,1,3,20122013,0,1,0.03614,R,83,Travis Hamonic,NYI,1368.2291
5,4,9,0.125,0,17,4,Ruutu,0,8,8469462,-6,9,0.52941,L,0,0,20122013,0,0,0.13333,L,30,Tuomo Ruutu,CAR,914.3529
7,2,7,0.39285,0,22,2,Zubrus,0,12,8464977,-3,9,0.40909,C,0,0,20122013,0,2,0.0909,L,22,Dainius Zubrus,NJD,1007.0909
8,1,7,,0,22,1,Pitkanen,0,12,8470137,2,9,0.40909,D,0,2,20122013,0,0,0.02941,L,34,Joni Pitkanen,CAR,1369.0454
6,3,9,,1,23,3,Hillen,0,14,8474519,9,9,0.3913,D,0,0,20122013,0,0,0.10714,L,28,Jack Hillen,WSH,1056.7391
6,3,9,0.56521,0,24,3,Dorsett,0,53,8473432,-11,9,0.375,R,0,0,20122013,0,0,0.07894,R,38,Derek Dorsett,CBJ,959.375
8,1,4,,0,25,1,Bergeron,0,9,8469765,-4,9,0.36,D,0,5,20122013,0,0,0.02325,L,43,Marc-Andre Bergeron,"TBL,CAR",825.92
7,2,9,0.25,0,25,2,Palushaj,0,8,8474030,-2,9,0.36,R,0,0,20122013,0,0,0.06896,R,29,Aaron Palushaj,COL,678.92
4,4,7,0.33333,1,25,5,Panik,0,4,8475209,-2,9,0.36,R,1,2,20122013,0,0,0.14705,L,34,Richard Panik,TBL,679.72
8,1,9,,0,27,1,Weaver,0,8,8468478,-3,9,0.33333,D,0,0,20122013,0,0,0.04761,R,21,Mike Weaver,FLA,1208.2962
5,4,8,0.2,2,27,4,Wolski,0,6,8471234,1,9,0.33333,L,0,1,20122013,0,0,0.08163,L,49,Wojtek Wolski,WSH,801.0
8,1,9,,0,28,1,Oleksy,0,33,8476162,9,9,0.32142,D,0,0,20122013,0,0,0.04,R,25,Steve Oleksy,WSH,1036.0714
5,3,7,0.40221,0,31,4,Porter,0,10,8471331,-1,9,0.29032,C,0,0,20122013,1,2,0.1081,L,37,Kevin Porter,BUF,913.7096
6,2,8,0.43613,2,31,3,Schroeder,0,4,8475147,0,9,0.29032,C,1,1,20122013,0,0,0.10714,R,28,Jordan Schroeder,VAN,822.7741
5,4,9,0.4429,0,32,4,Nash,0,8,8474062,-4,9,0.28125,C,0,0,20122013,0,0,0.11111,R,36,Riley Nash,CAR,768.0312
6,2,8,0.28571,2,33,3,Jones,1,6,8470877,-11,9,0.27272,R,1,1,20122013,0,0,0.04838,R,62,David Jones,COL,1009.2727
6,2,8,0.57908,0,34,3,Kelly,0,16,8467967,-8,9,0.2647,C,1,1,20122013,0,0,0.075,L,40,Chris Kelly,BOS,898.1764
5,2,5,,0,34,4,Postma,0,6,8474074,-5,9,0.2647,D,2,4,20122013,0,0,0.125,R,32,Paul Postma,WPG,901.7058
6,2,7,0.23076,0,35,3,Petrell,0,4,8471402,-4,9,0.25714,L,0,0,20122013,1,2,0.13043,L,23,Lennart Petrell,EDM,691.8571
4,5,9,0.36734,1,37,5,Kobasew,0,21,8469467,6,9,0.24324,R,0,0,20122013,0,0,0.11627,R,43,Chuck Kobasew,COL,676.1891
6,3,9,0.75,0,37,3,Smith,0,8,8475191,0,9,0.24324,R,0,0,20122013,0,0,0.08823,L,34,Reilly Smith,DAL,655.027
6,2,7,,0,38,3,Nikitin,0,17,8471348,2,9,0.23684,D,1,2,20122013,0,0,0.05,L,60,Nikita Nikitin,CBJ,1271.8421
4,4,7,,0,40,5,Stone,0,16,8474628,2,9,0.225,D,1,2,20122013,0,0,0.1,R,50,Michael Stone,PHX,1001.2
5,4,9,0.28571,1,42,4,Ponikarovsky,0,14,8467412,-1,9,0.21428,L,0,0,20122013,0,0,0.07843,L,51,Alexei Ponikarovsky,"WPG,NJD",789.5238
9,0,8,,0,42,0,Gleason,0,40,8469476,-3,9,0.21428,D,0,1,20122013,0,0,0.0,L,36,Tim Gleason,CAR,1174.0476
5,4,9,0.50877,3,42,4,Komarov,0,18,8473463,-1,9,0.21428,R,0,0,20122013,0,0,0.07843,L,51,Leo Komarov,TOR,836.1428
5,4,9,0.0,1,47,4,Clune,0,113,8471733,3,9,0.19148,L,0,0,20122013,0,0,0.08695,L,46,Rich Clune,NSH,564.3404
6,2,8,0.5204,0,48,3,Adams,0,28,8465166,-1,9,0.1875,R,0,0,20122013,1,1,0.06521,R,46,Craig Adams,PIT,669.7083
8,1,9,,0,48,1,Bouillon,0,21,8465914,4,9,0.1875,D,0,0,20122013,0,0,0.02173,L,46,Francis Bouillon,MTL,1084.5625
8,1,9,0.0,0,48,1,Schultz,0,24,8468513,-13,9,0.1875,D,0,0,20122013,0,0,0.0303,L,33,Nick Schultz,EDM,1117.9375
7,2,9,,0,48,2,Gorges,0,15,8470324,4,9,0.1875,D,0,0,20122013,0,0,0.05,L,40,Josh Gorges,MTL,1283.2708
5,3,6,0.0,0,15,3,Zuccarello,0,8,8475692,10,8,0.53333,R,0,1,20122013,0,1,0.11111,L,27,Mats Zuccarello,NYR,985.4666
2,4,6,0.3913,1,24,6,Malone,0,22,8467988,-3,8,0.33333,L,2,2,20122013,0,0,0.16216,L,37,Ryan Malone,TBL,944.2916
5,3,7,0.0,1,27,3,Gustafsson,0,2,8475640,-1,8,0.29629,D,0,1,20122013,0,0,0.08333,L,36,Erik Gustafsson,PHI,1208.8518
6,2,6,0.47087,0,27,2,Granlund,0,6,8475798,-4,8,0.29629,C,0,2,20122013,0,0,0.05555,L,36,Mikael Granlund,MIN,790.7037
4,3,6,0.57142,1,28,4,Knuble,0,20,8458590,-4,8,0.28571,R,1,2,20122013,0,0,0.12903,R,31,Mike Knuble,PHI,775.1785
4,3,6,0.44491,1,28,4,Lombardi,0,8,8468695,-2,8,0.28571,C,1,2,20122013,0,0,0.0909,L,44,Matthew Lombardi,"PHX,ANA",837.7142
6,2,8,0.43103,2,29,2,Porter,0,0,8470871,5,8,0.27586,L,0,0,20122013,0,0,0.04347,L,46,Chris Porter,STL,698.1379
6,2,7,0.63636,1,34,2,Eaves,0,4,8470622,-1,8,0.23529,R,0,1,20122013,0,0,0.04761,R,42,Patrick Eaves,DET,634.9411
5,3,8,0.38095,0,34,3,Yip,0,26,8471450,-3,8,0.23529,R,0,0,20122013,0,0,0.08571,R,35,Brandon Yip,NSH,722.4117
8,0,6,,0,34,0,Smith,0,36,8474090,1,8,0.23529,D,0,2,20122013,0,0,0.0,L,33,Brendan Smith,DET,1104.0588
8,0,3,,0,35,0,Kostka,0,27,8474497,-7,8,0.22857,D,0,5,20122013,0,0,0.0,R,49,Michael Kostka,TOR,1324.7714
4,3,7,0.48717,2,36,4,Begin,0,22,8464994,-2,8,0.22222,L,0,0,20122013,1,1,0.12903,L,31,Steve Begin,CGY,479.6111
6,2,8,,0,38,2,Klesla,0,22,8468484,0,8,0.21052,D,0,0,20122013,0,0,0.04545,L,44,Rostislav Klesla,PHX,1057.6315
5,3,7,0.46451,0,38,3,Andersson,0,8,8474168,2,8,0.21052,C,0,1,20122013,0,0,0.06976,L,43,Joakim Andersson,DET,725.1315
6,2,8,0.55399,0,39,2,Handzus,0,16,8462129,-2,8,0.20512,C,0,0,20122013,0,0,0.04878,L,41,Michal Handzus,"SJS,CHI",788.0769
5,2,5,,2,39,3,Myers,0,32,8474574,-8,8,0.20512,D,1,3,20122013,0,0,0.0625,R,48,Tyler Myers,BUF,1278.8205
7,1,8,,0,40,1,McBain,0,12,8473571,0,8,0.2,D,0,0,20122013,0,0,0.02173,R,46,Jamie McBain,CAR,1105.45
7,1,5,,1,41,1,Sbisa,0,23,8474579,0,8,0.19512,D,0,3,20122013,0,0,0.02564,L,39,Luca Sbisa,ANA,1190.0487
5,3,7,,1,42,3,Tootoo,0,78,8469547,0,8,0.19047,R,0,1,20122013,0,0,0.06666,R,45,Jordin Tootoo,DET,544.9761
5,3,8,0.59442,0,43,3,MacKenzie,0,36,8468001,1,8,0.18604,C,0,0,20122013,0,0,0.0909,L,33,Derek MacKenzie,CBJ,620.3255
7,1,8,0.2,0,44,1,Crombeen,0,112,8470647,4,8,0.18181,R,0,0,20122013,0,0,0.02,R,50,B.J. Crombeen,TBL,664.9545
4,3,7,0.25,2,44,4,Miller,0,2,8470778,-8,8,0.18181,L,1,1,20122013,0,0,0.07407,L,54,Drew Miller,DET,829.0227
7,0,7,,0,44,1,Butler,0,19,8471761,-10,8,0.18181,D,0,0,20122013,1,1,0.025,L,40,Chris Butler,CGY,1022.2954
4,4,8,0.5,1,45,4,Mitchell,0,21,8471338,-8,8,0.17777,C,0,0,20122013,0,0,0.10256,R,39,Torrey Mitchell,MIN,629.9111
8,0,8,,0,45,0,Fraser,0,85,8471748,18,8,0.17777,D,0,0,20122013,0,0,0.0,L,33,Mark Fraser,TOR,1017.4444
8,0,8,,0,46,0,Orpik,0,32,8468498,17,8,0.17391,D,0,0,20122013,0,0,0.0,L,32,Brooks Orpik,PIT,1337.3695
3,5,8,0.56756,1,48,5,Hendricks,0,73,8468611,-6,8,0.16666,C,0,0,20122013,0,0,0.09259,L,54,Matt Hendricks,WSH,703.3541
3,5,7,0.45278,0,48,5,Emmerton,0,4,8473558,-1,8,0.16666,C,0,1,20122013,0,0,0.0909,L,55,Cory Emmerton,DET,648.6875
6,2,8,0.56081,1,48,2,Beagle,0,14,8474291,-1,8,0.16666,C,0,0,20122013,0,0,0.03571,R,56,Jay Beagle,WSH,726.2916
5,3,8,,1,48,3,Dillon,0,65,8475455,1,8,0.16666,D,0,0,20122013,0,0,0.04,L,75,Brenden Dillon,DAL,1282.7916
1,5,6,0.27777,1,7,6,Chiasson,0,0,8475163,3,7,1.0,R,1,1,20122013,0,0,0.46153,R,13,Alex Chiasson,DAL,844.8571
4,2,5,0.66666,0,16,3,Beck,0,2,8475192,0,7,0.4375,L,1,2,20122013,0,0,0.07692,R,39,Taylor Beck,NSH,965.625
3,3,6,1.0,0,18,4,Tatar,0,4,8475193,2,7,0.38888,L,1,1,20122013,0,0,0.125,L,32,Tomas Tatar,DET,682.4444
5,2,6,0.45365,0,20,2,Horak,0,2,8475264,-5,7,0.35,C,0,0,20122013,0,1,0.07142,L,28,Roman Horak,CGY,871.65
7,0,7,,0,24,0,Bartley,0,6,8473658,2,7,0.29166,D,0,0,20122013,0,0,0.0,L,19,Victor Bartley,NSH,1172.5416
6,1,4,,0,25,1,Kundratek,0,8,8474649,-5,7,0.28,D,0,3,20122013,0,0,0.04347,R,23,Tomas Kundratek,WSH,968.72
5,2,7,0.22222,0,27,2,Jones,0,17,8471323,0,7,0.25925,L,0,0,20122013,0,0,0.05263,L,38,Ryan Jones,EDM,778.6296
6,1,6,,0,28,1,Prout,0,25,8474774,15,7,0.25,D,0,1,20122013,0,0,0.0625,R,16,Dalton Prout,CBJ,1111.7142
4,3,6,,0,29,3,Redden,0,11,8462033,-2,7,0.24137,D,0,1,20122013,0,0,0.10714,L,28,Wade Redden,"STL,BOS",904.4137
5,1,6,1.0,0,29,2,Drewiske,0,14,8474518,3,7,0.24137,D,1,1,20122013,0,0,0.07142,L,28,Davis Drewiske,"LAK,MTL",911.862
6,1,7,,0,30,1,Moore,0,7,8475186,4,7,0.23333,D,0,0,20122013,0,0,0.03448,L,29,John Moore,"CBJ,NYR",799.6333
6,0,5,,0,33,1,Russell,0,9,8471729,6,7,0.21212,D,1,2,20122013,0,0,0.02439,L,41,Kris Russell,STL,962.909
5,2,6,,0,33,2,Despres,0,20,8475155,9,7,0.21212,D,0,1,20122013,0,0,0.0606,L,33,Simon Despres,PIT,906.9696
6,1,7,0.54517,0,34,1,Steckel,0,4,8469483,0,7,0.20588,C,0,0,20122013,0,0,0.04347,L,23,David Steckel,"TOR,ANA",555.9117
5,2,7,0.46428,0,34,2,Fraser,0,25,8470662,-4,7,0.20588,C,0,0,20122013,0,0,0.10526,L,19,Colin Fraser,LAK,562.2352
6,1,7,,0,35,1,Blum,0,6,8474164,-1,7,0.2,D,0,0,20122013,0,0,0.03846,R,26,Jonathon Blum,NSH,857.9714
5,2,7,,1,38,2,Tanev,1,10,8475690,4,7,0.18421,D,0,0,20122013,0,0,0.1,R,20,Chris Tanev,VAN,1037.3421
7,0,6,,0,41,0,Braun,0,6,8474027,-5,7,0.17073,D,0,1,20122013,0,0,0.0,R,48,Justin Braun,SJS,1128.0731
6,1,6,,0,42,1,Weber,0,70,8473426,3,7,0.16666,D,0,0,20122013,0,1,0.04,L,25,Mike Weber,BUF,1101.8095
4,3,7,0.41176,0,45,3,Thornton,0,60,8465978,1,7,0.15555,L,0,0,20122013,0,0,0.05454,R,55,Shawn Thornton,BOS,486.3555
5,2,7,,0,45,2,Aulie,0,60,8474048,1,7,0.15555,D,0,0,20122013,0,0,0.05405,L,37,Keith Aulie,TBL,769.1333
4,3,7,,0,48,3,Vlasic,0,29,8471709,5,7,0.14583,D,0,0,20122013,0,0,0.05084,L,59,Marc-Edouard Vlasic,SJS,1249.4791
3,4,7,0.0,0,48,4,Stralman,0,16,8471873,14,7,0.14583,D,0,0,20122013,0,0,0.0606,R,66,Anton Stralman,NYR,1082.875
4,1,4,0.4,0,8,2,Leino,0,6,8474551,0,6,0.75,L,1,2,20122013,0,0,0.18181,L,11,Ville Leino,BUF,948.25
3,3,6,0.59504,0,14,3,Johnson,0,4,8474870,3,6,0.42857,C,0,0,20122013,0,0,0.27272,R,11,Tyler Johnson,TBL,784.4285
5,1,6,0.48214,0,16,1,Richardson,0,10,8470755,2,6,0.375,R,0,0,20122013,0,0,0.03703,L,27,Brad Richardson,LAK,653.9375
2,3,5,0.0,1,17,4,Johnson,0,0,8471280,3,6,0.35294,R,1,1,20122013,0,0,0.17391,R,23,Nick Johnson,PHX,597.3529
4,2,6,0.24,0,20,2,Cracknell,0,4,8471490,3,6,0.3,R,0,0,20122013,0,0,0.09523,R,21,Adam Cracknell,STL,516.85
3,3,4,0.25,0,22,3,Nyquist,0,6,8474679,0,6,0.27272,R,0,2,20122013,0,0,0.06521,L,46,Gustav Nyquist,DET,782.3636
3,3,6,0.47,0,24,3,Jeffrey,0,2,8474138,1,6,0.25,L,0,0,20122013,0,0,0.11538,L,26,Dustin Jeffrey,PIT,690.7916
6,0,6,,0,25,0,Fistric,0,32,8471241,6,6,0.24,D,0,0,20122013,0,0,0.0,L,9,Mark Fistric,EDM,920.0
5,0,5,,0,26,1,Benn,0,10,8474818,-4,6,0.23076,D,1,1,20122013,0,0,0.03225,L,31,Jordie Benn,DAL,1038.9615
6,0,6,,0,28,0,Bissonnette,0,36,8470713,2,6,0.21428,L,0,0,20122013,0,0,0.0,L,13,Paul Bissonnette,PHX,325.4642
5,1,6,0.397,0,28,1,Ebbett,0,4,8473682,-1,6,0.21428,C,0,0,20122013,0,0,0.04347,L,23,Andrew Ebbett,VAN,739.4285
3,3,5,0.27777,0,29,3,D'Agostini,0,8,8471851,-5,6,0.20689,R,0,1,20122013,0,0,0.0909,R,33,Matt D'Agostini,"STL,NJD",738.8965
1,4,5,0.45662,0,29,5,O'Brien,0,8,8474024,-2,6,0.20689,C,1,1,20122013,0,0,0.13157,R,38,Jim O'Brien,OTT,685.4827
3,3,6,,0,30,3,Erskine,0,34,8467365,10,6,0.2,D,0,0,20122013,0,0,0.09375,L,32,John Erskine,WSH,1107.7333
5,1,6,,0,30,1,Schlemko,0,12,8473673,8,6,0.2,D,0,0,20122013,0,0,0.02857,L,35,David Schlemko,PHX,1033.0333
5,0,5,,0,31,1,Fayne,0,16,8471816,6,6,0.19354,D,0,0,20122013,1,1,0.02941,R,34,Mark Fayne,NJD,1085.8709
2,4,6,0.41549,0,32,4,Olver,0,6,8474705,-5,6,0.1875,C,0,0,20122013,0,0,0.12121,L,33,Mark Olver,COL,542.5312
4,0,4,,0,32,2,Ellis,0,15,8475176,-2,6,0.1875,D,2,2,20122013,0,0,0.04166,R,48,Ryan Ellis,NSH,982.75
4,2,6,,0,33,2,Gryba,0,26,8473468,-3,6,0.18181,D,0,0,20122013,0,0,0.03921,R,51,Eric Gryba,OTT,1216.6363
6,0,5,,0,35,0,Lydman,0,12,8465042,-1,6,0.17142,D,0,0,20122013,0,1,0.0,L,28,Toni Lydman,ANA,1163.2285
5,1,6,,0,37,1,Gervais,0,10,8470774,-17,6,0.16216,D,0,0,20122013,0,0,0.0204,R,49,Bruno Gervais,PHI,1027.6756
4,2,5,0.0,1,37,2,Sanguinetti,0,4,8473610,-6,6,0.16216,D,0,1,20122013,0,0,0.04166,R,48,Bobby Sanguinetti,CAR,885.1621
6,0,6,,0,37,0,Larsson,0,12,8476457,4,6,0.16216,D,0,0,20122013,0,0,0.0,R,30,Adam Larsson,NJD,1086.081
3,3,6,0.125,2,40,3,Weise,0,43,8474668,-7,6,0.15,R,0,0,20122013,0,0,0.08571,R,35,Dale Weise,VAN,573.325
6,0,6,,0,41,0,Allen,0,34,8467332,1,6,0.14634,D,0,0,20122013,0,0,0.0,L,25,Bryan Allen,ANA,1124.317
6,0,6,,0,42,0,Engelland,0,54,8468674,5,6,0.14285,D,0,0,20122013,0,0,0.0,R,31,Deryk Engelland,PIT,835.1904
4,2,6,,0,42,2,O'Byrne,0,60,8470672,-4,6,0.14285,D,0,0,20122013,0,0,0.07692,R,26,Ryan O'Byrne,"COL,TOR",1111.8809
5,1,6,,0,43,1,Murray,0,35,8468114,-9,6,0.13953,D,0,0,20122013,0,0,0.03703,L,27,Douglas Murray,"SJS,PIT",1055.186
6,0,6,,0,43,0,Hunwick,0,16,8471436,4,6,0.13953,D,0,0,20122013,0,0,0.0,L,57,Matt Hunwick,COL,1291.2325
4,2,6,0.44444,0,43,2,Boll,0,100,8471766,1,6,0.13953,R,0,0,20122013,0,0,0.10526,R,19,Jared Boll,CBJ,484.9534
2,4,6,1.0,1,43,4,Reaves,0,79,8471817,3,6,0.13953,R,0,0,20122013,0,0,0.16666,R,24,Ryan Reaves,STL,446.8837
6,0,5,,0,44,0,Zanon,0,28,8468636,-16,6,0.13636,D,0,0,20122013,0,1,0.0,L,40,Greg Zanon,COL,1159.8181
5,1,6,,0,44,1,Boychuk,0,12,8470187,5,6,0.13636,D,0,0,20122013,0,0,0.01333,R,75,Johnny Boychuk,BOS,1224.3863
4,2,6,0.0,0,44,2,Nolan,0,46,8475325,-5,6,0.13636,C,0,0,20122013,0,0,0.08695,L,23,Jordan Nolan,LAK,508.3863
3,3,6,0.55439,0,45,3,Smithson,0,12,8468162,-4,6,0.13333,C,0,0,20122013,0,0,0.10344,R,29,Jerred Smithson,"FLA,EDM",639.6444
4,2,6,0.4,0,45,2,Moen,0,32,8468635,-4,6,0.13333,L,0,0,20122013,0,0,0.0625,L,32,Travis Moen,MTL,699.2888
6,0,5,,0,48,0,Stuart,0,25,8467331,4,6,0.125,D,0,0,20122013,0,1,0.0,L,39,Brad Stuart,SJS,1227.4583
5,1,6,,1,48,1,Polak,0,48,8471392,-2,6,0.125,D,0,0,20122013,0,0,0.02564,R,39,Roman Polak,STL,1105.2291
3,1,3,0.57142,0,5,2,Spezza,0,2,8469455,3,5,1.0,C,1,2,20122013,0,0,0.16666,R,12,Jason Spezza,OTT,1150.6
3,1,3,,0,10,2,Toffoli,0,2,8475726,3,5,0.5,C,1,2,20122013,0,0,0.1,R,20,Tyler Toffoli,LAK,718.7
3,1,3,0.33333,1,14,2,Kovalev,0,6,8458529,-1,5,0.35714,R,1,2,20122013,0,0,0.09523,L,21,Alex Kovalev,FLA,936.7857
3,2,5,0.49729,1,18,2,Mueller,0,6,8474535,-4,5,0.27777,C,0,0,20122013,0,0,0.0909,R,22,Chris Mueller,NSH,642.3888
2,3,5,,1,18,3,McGinn,0,19,8475775,0,5,0.27777,L,0,0,20122013,0,0,0.0909,L,33,Tye McGinn,PHI,763.1666
4,0,4,,0,19,1,Pysyk,0,0,8475796,-7,5,0.26315,D,1,1,20122013,0,0,0.04761,R,21,Mark Pysyk,BUF,976.6842
3,2,5,0.55555,1,20,2,Ullstrom,0,6,8474666,-2,5,0.25,L,0,0,20122013,0,0,0.07142,L,28,David Ullstrom,NYI,569.9
1,4,5,0.0,0,20,4,Zucker,0,8,8475722,4,5,0.25,L,0,0,20122013,0,0,0.11764,L,34,Jason Zucker,MIN,675.9
2,2,4,0.43842,0,21,3,Holland,0,4,8475180,4,5,0.23809,C,1,1,20122013,0,0,0.11538,L,26,Peter Holland,ANA,695.3809
2,3,5,0.0,2,22,3,Miettinen,0,2,8468704,-3,5,0.22727,R,0,0,20122013,0,0,0.11538,R,26,Antti Miettinen,WPG,758.9545
3,2,5,,1,22,2,Gudas,0,38,8475462,3,5,0.22727,D,0,0,20122013,0,0,0.06451,R,31,Radko Gudas,TBL,1019.5454
4,0,4,,0,23,1,Foster,0,35,8468520,0,5,0.21739,D,1,1,20122013,0,0,0.04761,R,21,Kurtis Foster,PHI,785.4782
3,2,5,0.59688,0,23,2,Gaustad,0,20,8468700,-1,5,0.21739,C,0,0,20122013,0,0,0.05714,L,35,Paul Gaustad,NSH,913.3043
3,1,2,,0,23,2,Harrold,0,6,8472394,-8,5,0.21739,D,1,3,20122013,0,0,0.05555,R,36,Peter Harrold,NJD,1057.913
4,1,5,0.38255,0,25,1,Grigorenko,0,0,8476888,-1,5,0.2,C,0,0,20122013,0,0,0.03225,L,31,Mikhail Grigorenko,BUF,614.12
1,3,4,0.64285,1,27,4,Upshall,0,25,8470105,-8,5,0.18518,R,1,1,20122013,0,0,0.07407,L,54,Scottie Upshall,FLA,809.9629
5,0,5,,0,27,0,Rome,0,18,8470310,-2,5,0.18518,D,0,0,20122013,0,0,0.0,L,15,Aaron Rome,DAL,920.037
4,1,4,,0,27,1,Martinez,0,10,8474166,-2,5,0.18518,D,0,1,20122013,0,0,0.03333,L,30,Alec Martinez,LAK,961.3703
5,0,5,0.52508,0,31,0,Reasoner,0,4,8464967,-3,5,0.16129,C,0,0,20122013,0,0,0.0,L,34,Marty Reasoner,NYI,673.5483
4,1,5,,0,31,1,Lashoff,0,15,8474873,-10,5,0.16129,D,0,0,20122013,0,0,0.03846,L,26,Brian Lashoff,DET,1067.0
5,0,3,,0,31,0,Erixon,0,14,8475148,4,5,0.16129,D,0,2,20122013,0,0,0.0,L,21,Tim Erixon,CBJ,941.7741
3,1,4,,0,32,2,Larsen,0,18,8474707,-10,5,0.15625,D,1,1,20122013,0,0,0.06666,R,30,Philip Larsen,DAL,892.8125
2,3,5,0.5,0,32,3,Rinaldo,0,85,8474736,-7,5,0.15625,C,0,0,20122013,0,0,0.2,L,15,Zac Rinaldo,PHI,502.7812
4,1,5,,0,33,1,Coburn,0,41,8470601,-10,5,0.15151,D,0,0,20122013,0,0,0.02631,L,38,Braydon Coburn,PHI,1356.9696
3,2,5,0.61089,1,33,2,Vitale,0,17,8471856,-7,5,0.15151,C,0,0,20122013,0,0,0.07692,R,26,Joe Vitale,PIT,571.0
2,3,5,0.36363,2,36,3,McLaren,0,102,8473712,0,5,0.13888,L,0,0,20122013,0,0,0.15,L,20,Frazer McLaren,"SJS,TOR",312.25
4,1,5,,0,37,1,Volchenkov,0,37,8468501,-1,5,0.13513,D,0,0,20122013,0,0,0.02631,L,38,Anton Volchenkov,NJD,963.1621
3,2,5,0.42857,0,37,2,Armstrong,0,12,8469474,1,5,0.13513,R,0,0,20122013,0,0,0.0606,R,33,Colby Armstrong,MTL,672.1351
2,3,5,0.4,0,37,3,Bowman,0,17,8474137,-7,5,0.13513,L,0,0,20122013,0,0,0.04411,L,68,Drayson Bowman,CAR,702.2702
3,2,4,0.5643,1,38,2,Boyle,0,29,8470619,-13,5,0.13157,C,0,1,20122013,0,0,0.03571,L,56,Brian Boyle,NYR,852.9736
3,2,5,0.47826,0,38,2,Wright,0,31,8474674,-5,5,0.13157,C,0,0,20122013,0,0,0.0625,L,32,James Wright,WPG,695.9473
4,1,4,0.45833,0,42,1,Jackman,0,76,8469490,-9,5,0.11904,R,0,1,20122013,0,0,0.0238,R,42,Tim Jackman,CGY,455.9761
3,2,5,0.0,0,46,2,Bordeleau,0,70,8471326,-7,5,0.10869,L,0,0,20122013,0,0,0.08333,L,24,Patrick Bordeleau,COL,373.326
4,1,5,,0,48,1,Alzner,0,14,8473991,-6,5,0.10416,D,0,0,20122013,0,0,0.02564,L,39,Karl Alzner,WSH,1257.3333
3,0,2,,0,8,1,Redmond,0,12,8474743,0,4,0.5,D,0,1,20122013,1,1,0.07692,R,13,Zach Redmond,WPG,1174.75
0,4,4,0.0,1,9,4,Dvorak,0,2,8462041,2,4,0.44444,R,0,0,20122013,0,0,0.23529,R,17,Radek Dvorak,ANA,788.0
3,1,3,0.50617,0,9,1,Laich,0,6,8469639,2,4,0.44444,C,0,1,20122013,0,0,0.1,L,10,Brooks Laich,WSH,992.2222
2,2,4,0.4878,2,9,2,Pageau,0,0,8476419,3,4,0.44444,C,0,0,20122013,0,0,0.14285,R,14,Jean-Gabriel Pageau,OTT,689.7777
2,2,3,0.0,0,10,2,Versteeg,0,8,8471346,-8,4,0.4,R,0,1,20122013,0,0,0.1,R,20,Kris Versteeg,FLA,1013.0
3,1,4,0.57142,0,10,1,Hayes,0,0,8474625,0,4,0.4,R,0,0,20122013,0,0,0.07692,R,13,Jimmy Hayes,CHI,859.9
4,0,2,,0,12,0,Gardiner,0,0,8474581,0,4,0.33333,D,0,2,20122013,0,0,0.0,L,12,Jake Gardiner,TOR,1228.8333
2,2,4,0.0,1,14,2,Palat,0,0,8476292,5,4,0.28571,L,0,0,20122013,0,0,0.125,L,16,Ondrej Palat,TBL,704.0
2,2,4,,0,15,2,Bortuzzo,0,27,8474145,3,4,0.26666,D,0,0,20122013,0,0,0.2,R,10,Robert Bortuzzo,PIT,797.4666
3,0,2,0.51086,0,17,1,Weiss,0,25,8469457,-13,4,0.23529,C,1,2,20122013,0,0,0.05263,L,19,Stephen Weiss,FLA,1107.647
1,3,4,,1,17,3,Sulzer,0,10,8470685,3,4,0.23529,D,0,0,20122013,0,0,0.2,L,15,Alexander Sulzer,BUF,991.4705
4,0,4,,0,17,0,Pardy,0,14,8471385,4,4,0.23529,D,0,0,20122013,0,0,0.0,L,6,Adam Pardy,BUF,990.4117
2,2,4,0.0,0,17,2,Vincour,0,4,8475266,-1,4,0.23529,C,0,0,20122013,0,0,0.16666,R,12,Tomas Vincour,"DAL,COL",531.647
3,1,1,0.0,1,18,1,Bourque,0,6,8471246,-6,4,0.22222,L,0,3,20122013,0,0,0.04166,L,24,Chris Bourque,BOS,724.5555
3,1,3,,0,18,1,Elliott,0,2,8475206,-3,4,0.22222,D,0,1,20122013,0,0,0.02857,R,35,Stefan Elliott,COL,1050.2777
4,0,4,,0,19,0,Strait,0,10,8473565,4,4,0.21052,D,0,0,20122013,0,0,0.0,L,13,Brian Strait,NYI,1029.2631
3,1,4,0.33333,0,21,1,Tyrell,0,4,8474095,-3,4,0.19047,C,0,0,20122013,0,0,0.05263,L,19,Dana Tyrell,TBL,621.1428
3,1,3,,0,25,1,Tallinder,0,10,8466182,0,4,0.16,D,0,1,20122013,0,0,0.04545,L,22,Henrik Tallinder,NJD,1054.24
2,2,4,1.0,0,25,2,White,0,4,8470273,5,4,0.16,D,0,0,20122013,0,0,0.07407,R,27,Ian White,DET,1175.0
3,1,3,0.5,0,25,1,Daugavins,0,9,8473484,-8,4,0.16,L,0,1,20122013,0,0,0.02777,L,36,Kaspars Daugavins,"OTT,BOS",660.88
2,1,2,0.53389,0,26,2,Miller,0,8,8476468,-7,4,0.15384,C,1,2,20122013,0,0,0.04651,L,43,J.T. Miller,NYR,811.423
4,0,4,,0,28,0,O'Brien,0,60,8470839,0,4,0.14285,D,0,0,20122013,0,0,0.0,L,28,Shane O'Brien,COL,930.1785
3,1,4,,0,30,1,Grossmann,0,21,8471269,-1,4,0.13333,D,0,0,20122013,0,0,0.04761,L,21,Nicklas Grossmann,PHI,1099.9666
4,0,4,,0,31,0,Johnson,0,18,8473446,-3,4,0.12903,D,0,0,20122013,0,0,0.0,R,64,Erik Johnson,COL,1245.2258
2,2,4,0.0,0,31,2,Westgarth,0,45,8473908,1,4,0.12903,R,0,0,20122013,0,0,0.125,R,16,Kevin Westgarth,CAR,343.2903
3,1,3,,0,32,1,McQuaid,0,60,8471717,0,4,0.125,D,0,0,20122013,0,1,0.03846,R,26,Adam McQuaid,BOS,857.5312
3,1,4,0.33333,1,32,1,Sheppard,0,12,8473536,-9,4,0.125,C,0,0,20122013,0,0,0.025,L,40,James Sheppard,SJS,704.9687
4,0,3,,0,32,0,Gudbranson,0,47,8475790,-22,4,0.125,D,0,1,20122013,0,0,0.0,R,49,Erik Gudbranson,FLA,1124.9062
1,3,3,,0,33,3,Potter,0,6,8470714,8,4,0.12121,D,0,1,20122013,0,0,0.08333,R,36,Corey Potter,EDM,1047.2424
2,2,4,0.59574,0,34,2,Santorelli,0,2,8471390,-12,4,0.11764,C,0,0,20122013,0,0,0.05714,R,35,Mike Santorelli,"FLA,WPG",711.9411
2,2,4,0.40909,0,35,2,LaRose,0,29,8469812,-8,4,0.11428,R,0,0,20122013,0,0,0.03076,R,65,Chad LaRose,CAR,770.8571
4,0,4,,0,36,0,Aucoin,0,16,8459053,-8,4,0.11111,D,0,0,20122013,0,0,0.0,R,26,Adrian Aucoin,CBJ,980.0
4,0,4,0.56175,0,37,0,Hall,0,23,8467925,0,4,0.1081,R,0,0,20122013,0,0,0.0,R,34,Adam Hall,"TBL,CAR,PHI",631.9189
4,0,4,,0,38,0,Strachan,0,40,8470729,-13,4,0.10526,D,0,0,20122013,0,0,0.0,R,42,Tyson Strachan,FLA,1137.5526
3,1,4,,1,39,1,Hickey,1,8,8474066,9,4,0.10256,D,0,0,20122013,0,0,0.025,L,40,Thomas Hickey,NYI,1011.5641
3,1,4,0.59259,0,40,1,Rupp,0,79,8467336,-2,4,0.1,L,0,0,20122013,0,0,0.03448,L,29,Mike Rupp,"NYR,MIN",501.4
4,0,4,,0,41,0,Regehr,0,23,8467344,-4,4,0.09756,D,0,0,20122013,0,0,0.0,L,27,Robyn Regehr,"BUF,LAK",1165.2682
3,1,4,0.0,0,41,1,Tangradi,0,22,8474025,-2,4,0.09756,L,0,0,20122013,0,0,0.02083,L,48,Eric Tangradi,"PIT,WPG",605.0731
2,2,4,0.43478,0,42,2,Thorburn,0,70,8469501,-5,4,0.09523,R,0,0,20122013,0,0,0.15384,R,13,Chris Thorburn,WPG,379.4285
2,2,4,,0,42,2,Stuart,0,53,8470614,5,4,0.09523,D,0,0,20122013,0,0,0.05,L,40,Mark Stuart,WPG,1002.2142
3,1,4,0.0,0,44,1,Orr,0,155,8468778,4,4,0.0909,R,0,0,20122013,0,0,0.07692,R,13,Colton Orr,TOR,383.409
3,1,3,,0,48,1,Smid,0,55,8471222,-1,4,0.08333,D,0,0,20122013,0,1,0.03333,L,30,Ladislav Smid,EDM,1219.125
2,0,1,,0,4,1,Cundari,0,2,8474837,-2,3,0.75,D,1,2,20122013,0,0,0.125,L,8,Mark Cundari,CGY,1186.25
1,2,3,,0,7,2,Bertuzzi,0,2,8459444,3,3,0.42857,R,0,0,20122013,0,0,0.2,L,10,Todd Bertuzzi,DET,931.1428
3,0,3,,0,10,0,Kaberle,0,0,8465200,4,3,0.3,D,0,0,20122013,0,0,0.0,L,11,Tomas Kaberle,MTL,812.7
0,3,3,0.52631,1,10,3,Gagnon,0,2,8471451,2,3,0.3,C,0,0,20122013,0,0,0.27272,R,11,Aaron Gagnon,WPG,489.2
2,1,3,0.33333,0,10,1,Dalpe,0,0,8474610,-7,3,0.3,C,0,0,20122013,0,0,0.05555,R,18,Zac Dalpe,CAR,738.1
2,1,3,0.63043,0,10,1,Dumont,0,13,8475254,1,3,0.3,C,0,0,20122013,0,0,0.05,R,20,Gabriel Dumont,MTL,580.7
2,1,2,0.37362,0,11,1,Reinhart,0,4,8475733,-3,3,0.27272,C,0,1,20122013,0,0,0.03846,L,26,Max Reinhart,CGY,865.0
2,1,3,1.0,0,12,1,Booth,0,4,8471266,-3,3,0.25,L,0,0,20122013,0,0,0.03703,L,27,David Booth,VAN,765.25
3,0,3,,0,12,0,Wilson,0,8,8473700,4,3,0.25,D,0,0,20122013,0,0,0.0,L,23,Ryan Wilson,COL,1110.1666
2,1,3,,0,12,1,Fraser,0,0,8475671,0,3,0.25,R,0,0,20122013,0,0,0.05882,L,17,Matt Fraser,DAL,707.5
0,3,3,,1,13,3,Martinek,0,4,8468101,-2,3,0.23076,D,0,0,20122013,0,0,0.25,R,12,Radek Martinek,NYI,968.7692
1,2,3,0.28571,0,13,2,Maroon,0,10,8474034,-1,3,0.23076,L,0,0,20122013,0,0,0.09523,L,21,Patrick Maroon,ANA,587.1538
1,2,3,,2,15,2,Lauridsen,0,34,8475342,0,3,0.2,D,0,0,20122013,0,0,0.14285,L,14,Oliver Lauridsen,PHI,908.0666
2,1,3,,0,17,1,Caron,0,4,8475150,1,3,0.17647,R,0,0,20122013,0,0,0.05,L,20,Jordan Caron,BOS,564.3529
2,1,3,0.0,0,17,1,Matteau,0,6,8476870,-1,3,0.17647,C,0,0,20122013,0,0,0.04545,L,22,Stefan Matteau,NJD,551.2352
1,2,3,0.5,0,19,2,Labrie,0,30,8474201,2,3,0.15789,L,0,0,20122013,0,0,0.125,L,16,Pierre-Cedric Labrie,TBL,513.4736
0,3,3,0.0,1,21,3,McGrattan,0,49,8467977,-4,3,0.14285,R,0,0,20122013,0,0,0.16666,R,18,Brian McGrattan,"NSH,CGY",426.238
1,2,3,,1,22,2,Holzer,0,28,8473560,-12,3,0.13636,D,0,0,20122013,0,0,0.125,R,16,Korbinian Holzer,TOR,1110.409
2,1,3,,0,22,1,Demers,0,10,8474218,-4,3,0.13636,D,0,0,20122013,0,0,0.03703,R,27,Jason Demers,SJS,1117.6818
2,1,3,0.48305,0,22,1,Josefson,0,2,8475185,-10,3,0.13636,C,0,0,20122013,0,0,0.05,L,20,Jacob Josefson,NJD,778.909
1,2,3,0.0,1,23,2,Carcillo,0,11,8470666,1,3,0.13043,L,0,0,20122013,0,0,0.08695,L,23,Daniel Carcillo,CHI,539.7391
2,0,0,0.25,0,23,1,Hartikainen,0,6,8474719,-8,3,0.13043,C,1,3,20122013,0,0,0.04761,L,21,Teemu Hartikainen,EDM,634.0869
1,2,3,0.0,0,23,2,Kreider,0,6,8475184,-1,3,0.13043,L,0,0,20122013,0,0,0.10526,L,19,Chris Kreider,NYR,606.6956
3,0,3,0.53703,0,26,0,Belanger,0,10,8465050,-1,3,0.11538,C,0,0,20122013,0,0,0.0,L,31,Eric Belanger,EDM,847.4615
3,0,3,,0,26,0,Schultz,0,12,8471240,-6,3,0.11538,D,0,0,20122013,0,0,0.0,L,12,Jeff Schultz,WSH,855.3846
3,0,3,0.43809,0,27,0,Regin,0,8,8471299,-4,3,0.11111,C,0,0,20122013,0,0,0.0,L,37,Peter Regin,OTT,691.074
3,0,1,0.51666,0,30,0,Brent,0,8,8470283,-3,3,0.1,C,0,2,20122013,0,0,0.0,R,23,Tim Brent,CAR,587.6
0,3,3,0.5,1,30,3,Sestito,0,65,8473542,-2,3,0.1,L,0,0,20122013,0,0,0.21428,L,14,Tom Sestito,"PHI,VAN",385.7333
3,0,3,,0,35,0,Eminger,0,8,8470192,9,3,0.08571,D,0,0,20122013,0,0,0.0,R,22,Steve Eminger,NYR,782.4857
2,1,2,,0,36,1,Quincey,0,18,8470724,7,3,0.08333,D,0,1,20122013,0,0,0.02777,L,36,Kyle Quincey,DET,1153.3333
3,0,3,,0,36,0,Falk,0,40,8473992,-9,3,0.08333,D,0,0,20122013,0,0,0.0,L,27,Justin Falk,MIN,792.8611
1,2,3,0.54166,0,42,2,Desjardins,0,61,8471956,-6,3,0.07142,L,0,0,20122013,0,0,0.03921,L,51,Andrew Desjardins,SJS,607.4285
3,0,3,,0,44,0,Ellerby,0,52,8474184,3,3,0.06818,D,0,0,20122013,0,0,0.0,L,23,Keaton Ellerby,"FLA,LAK",868.5
2,1,3,0.56064,1,46,1,Halpern,0,10,8467831,-8,3,0.06521,C,0,0,20122013,0,0,0.03846,R,26,Jeff Halpern,"NYR,MTL",611.0652
2,0,2,0.53508,0,46,1,Burish,0,25,8470063,-7,3,0.06521,R,0,0,20122013,1,1,0.02564,R,39,Adam Burish,SJS,634.1739
1,1,2,0.0,0,2,1,Lee,0,0,8475314,-3,2,1.0,L,0,0,20122013,0,0,0.5,L,2,Anders Lee,NYI,492.0
1,1,2,0.0,0,3,1,Morin,0,0,8475214,1,2,0.66666,L,0,0,20122013,0,0,0.14285,R,7,Jeremy Morin,CHI,781.3333
2,0,2,,0,4,0,Tennyson,0,2,8476807,2,2,0.5,D,0,0,20122013,0,0,0.0,R,8,Matt Tennyson,SJS,942.75
2,0,2,,0,5,0,Peluso,0,14,8474061,1,2,0.4,R,0,0,20122013,0,0,0.0,R,4,Anthony Peluso,WPG,299.8
2,0,2,0.53846,0,6,0,Soderberg,0,6,8471262,-2,2,0.33333,C,0,0,20122013,0,0,0.0,L,6,Carl Soderberg,BOS,883.5
2,0,1,,0,6,0,Weber,0,2,8474134,-1,2,0.33333,D,0,1,20122013,0,0,0.0,R,3,Yannick Weber,MTL,825.0
2,0,2,,0,6,0,Manning,0,0,8475430,4,2,0.33333,D,0,0,20122013,0,0,0.0,L,5,Brandon Manning,PHI,888.1666
2,0,2,,0,6,0,Beaulieu,0,0,8476470,5,2,0.33333,D,0,0,20122013,0,0,0.0,L,8,Nathan Beaulieu,MTL,922.1666
2,0,2,,0,7,0,Joensuu,0,6,8473514,2,2,0.28571,L,0,0,20122013,0,0,0.0,L,15,Jesse Joensuu,NYI,608.2857
2,0,2,,0,8,0,Bellemore,0,7,8474135,-2,2,0.25,D,0,0,20122013,0,0,0.0,R,3,Brett Bellemore,CAR,825.875
0,1,1,,0,8,2,Vatanen,0,0,8475222,3,2,0.25,D,1,1,20122013,0,0,0.33333,R,6,Sami Vatanen,ANA,949.125
2,0,2,,0,8,0,Tinordi,0,2,8475797,5,2,0.25,D,0,0,20122013,0,0,0.0,L,5,Jarred Tinordi,MTL,702.75
2,0,2,,0,8,0,Bang,0,0,8476835,-2,2,0.25,L,0,0,20122013,0,0,0.0,L,13,Daniel Bang,NSH,774.0
2,0,2,0.5,0,9,0,Van Der Gulik,0,6,8470189,2,2,0.22222,L,0,0,20122013,0,0,0.0,L,10,David Van Der Gulik,COL,566.4444
0,2,2,,0,9,2,MacDermid,0,19,8475283,1,2,0.22222,L,0,0,20122013,0,0,0.5,L,4,Lane MacDermid,"BOS,DAL",275.3333
1,1,1,0.60937,0,9,1,Da Costa,0,0,8476205,-3,2,0.22222,C,0,1,20122013,0,0,0.06666,R,15,Stephane Da Costa,OTT,711.5555
2,0,2,0.22222,0,10,0,Hamilton,0,0,8472424,1,2,0.2,L,0,0,20122013,0,0,0.0,L,6,Ryan Hamilton,TOR,651.2
2,0,1,,0,11,0,Meszaros,0,2,8471236,-9,2,0.18181,D,0,1,20122013,0,0,0.0,L,18,Andrej Meszaros,PHI,1107.7272
2,0,2,,0,11,0,Bartkowski,0,6,8474749,0,2,0.18181,D,0,0,20122013,0,0,0.0,L,9,Matt Bartkowski,BOS,809.0
1,1,2,0.0,0,12,1,Conner,0,2,8472368,3,2,0.16666,R,0,0,20122013,0,0,0.06666,L,15,Chris Conner,PHX,682.5
0,2,2,0.75,0,12,2,Dziurzynski,0,13,8475661,-1,2,0.16666,L,0,0,20122013,0,0,0.1,L,20,Dave Dziurzynski,OTT,752.9166
0,2,2,0.3,1,13,2,Kennedy,0,2,8471842,-3,2,0.15384,L,0,0,20122013,0,0,0.08333,L,24,Tim Kennedy,SJS,815.4615
1,1,2,0.47826,0,13,1,Malone,0,16,8474089,-7,2,0.15384,C,0,0,20122013,0,0,0.1,L,10,Brad Malone,COL,527.3076
1,1,2,,0,13,1,Boychuk,0,6,8474576,-1,2,0.15384,L,0,0,20122013,0,0,0.07142,L,14,Zach Boychuk,"CAR,PIT,NSH",738.6923
1,1,2,,0,14,1,Eager,0,25,8470280,-4,2,0.14285,L,0,0,20122013,0,0,0.07142,L,14,Ben Eager,EDM,579.5714
2,0,2,,0,14,0,Barker,0,4,8471216,-3,2,0.14285,D,0,0,20122013,0,0,0.0,L,19,Cam Barker,VAN,851.9285
1,1,2,,1,15,1,Staubitz,0,41,8471521,0,2,0.13333,R,0,0,20122013,0,0,0.2,R,5,Brad Staubitz,ANA,372.8666
2,0,1,,0,16,0,Poti,0,2,8465012,-2,2,0.125,D,0,1,20122013,0,0,0.0,L,8,Tom Poti,WSH,913.4375
2,0,2,,0,16,0,Oleksiak,0,14,8476467,-5,2,0.125,D,0,0,20122013,0,0,0.0,L,11,Jamie Oleksiak,DAL,890.0
2,0,2,0.53846,0,19,0,Mayers,0,16,8459514,2,2,0.10526,R,0,0,20122013,0,0,0.0,R,10,Jamal Mayers,CHI,418.2105
2,0,2,,0,22,0,Carkner,0,46,8467931,-2,2,0.0909,D,0,0,20122013,0,0,0.0,R,19,Matt Carkner,NYI,755.4545
0,2,2,0.20588,0,26,2,Crabb,0,8,8470156,-1,2,0.07692,R,0,0,20122013,0,0,0.1,R,20,Joey Crabb,WSH,565.1153
1,1,2,0.54307,0,26,1,Slater,0,19,8470289,-3,2,0.07692,C,0,0,20122013,0,0,0.04545,L,22,Jim Slater,WPG,627.1153
0,2,2,0.5,0,27,2,Asham,0,50,8465025,2,2,0.07407,R,0,0,20122013,0,0,0.14285,R,14,Arron Asham,NYR,397.9629
1,1,2,0.0,0,27,1,Gillies,0,17,8474121,1,2,0.07407,C,0,0,20122013,0,0,0.05882,L,17,Colton Gillies,CBJ,497.8888
2,0,2,,0,28,0,Sarich,0,16,8464981,-8,2,0.07142,D,0,0,20122013,0,0,0.0,R,14,Cory Sarich,CGY,891.6785
1,1,2,0.3,0,28,1,Wallace,0,17,8473734,-9,2,0.07142,R,0,0,20122013,0,0,0.05,R,20,Tim Wallace,CAR,601.7142
1,1,2,0.25,0,33,1,Volpatti,0,35,8475619,-2,2,0.0606,L,0,0,20122013,0,0,0.04761,L,21,Aaron Volpatti,"VAN,WSH",500.2424
2,0,2,,0,34,0,Michalek,0,14,8469760,4,2,0.05882,D,0,0,20122013,0,0,0.0,R,42,Zbynek Michalek,PHX,1278.3529
2,0,2,,0,36,0,Ballard,0,29,8470054,-2,2,0.05555,D,0,0,20122013,0,0,0.0,L,35,Keith Ballard,VAN,928.1944
2,0,2,,0,39,0,Salvador,0,22,8460626,-12,2,0.05128,D,0,0,20122013,0,0,0.0,L,29,Bryce Salvador,NJD,1279.7179
1,1,2,,0,39,1,Parros,0,57,8468095,-15,2,0.05128,R,0,0,20122013,0,0,0.0625,R,16,George Parros,FLA,396.6153
1,1,2,0.625,0,39,1,Brown,0,123,8471371,-7,2,0.05128,R,0,0,20122013,0,0,0.05555,R,18,Mike Brown,"TOR,EDM",451.2051
1,0,1,0.43137,0,48,1,Glass,0,62,8470854,-11,2,0.04166,L,1,1,20122013,0,0,0.02631,L,38,Tanner Glass,PIT,604.3333
1,0,1,0.33333,0,1,0,Sceviour,0,0,8474098,-1,1,1.0,C,0,0,20122013,0,0,,R,0,Colton Sceviour,DAL,291.0
0,1,1,0.0,0,1,1,Smith,0,0,8474727,1,1,1.0,R,0,0,20122013,0,0,1.0,R,1,Ben Smith,CHI,1101.0
0,1,1,,0,1,1,Akeson,0,0,8475917,2,1,1.0,R,0,0,20122013,0,0,0.5,R,2,Jason Akeson,PHI,743.0
1,0,0,,0,1,0,Krug,0,0,8476792,-1,1,1.0,D,0,1,20122013,0,0,,L,0,Torey Krug,BOS,947.0
1,0,1,1.0,0,2,0,Downie,0,6,8471703,1,1,0.5,R,0,0,20122013,0,0,0.0,R,2,Steve Downie,COL,533.5
1,0,1,,0,2,0,Anderson,0,0,8473944,1,1,0.5,R,0,0,20122013,0,0,,R,0,Matt Anderson,NJD,346.5
1,0,1,,0,2,0,Selleck,0,17,8474554,2,1,0.5,L,0,0,20122013,0,0,0.0,L,2,Eric Selleck,FLA,475.0
1,0,1,,0,2,0,Rask,0,0,8475893,-1,1,0.5,C,0,0,20122013,0,0,,R,0,Joonas Rask,NSH,480.5
0,1,1,1.0,1,3,1,Terry,0,0,8474052,0,1,0.33333,L,0,0,20122013,0,0,1.0,L,1,Chris Terry,CAR,576.3333
1,0,1,0.0,0,4,0,Langenbrunner,0,0,8459457,1,1,0.25,R,0,0,20122013,0,0,0.0,R,5,Jamie Langenbrunner,STL,586.75
1,0,1,,0,4,0,Samuelsson,0,0,8467463,-3,1,0.25,R,0,0,20122013,0,0,0.0,R,4,Mikael Samuelsson,DET,771.75
1,0,1,,0,4,0,Mikkelson,0,6,8471705,1,1,0.25,D,0,0,20122013,0,0,,L,0,Brendan Mikkelson,TBL,585.5
0,1,1,,0,4,1,Henderson,0,0,8471912,-1,1,0.25,L,0,0,20122013,0,0,0.33333,L,3,Kevin Henderson,NSH,881.5
1,0,1,0.22222,0,4,0,Ferriero,0,0,8473600,0,1,0.25,R,0,0,20122013,0,0,0.0,R,4,Benn Ferriero,NYR,576.5
1,0,1,0.41176,0,4,0,Byron,0,2,8474038,-2,1,0.25,L,0,0,20122013,0,0,0.0,L,1,Paul Byron,CGY,627.25
1,0,1,,0,4,0,Tedenby,0,2,8474582,0,1,0.25,R,0,0,20122013,0,0,0.0,L,2,Mattias Tedenby,NJD,539.5
0,1,1,1.0,0,4,1,Adam,0,2,8474609,1,1,0.25,C,0,0,20122013,0,0,0.5,L,2,Luke Adam,BUF,587.5
1,0,1,,0,5,0,Greene,0,8,8470121,-1,1,0.2,D,0,0,20122013,0,0,0.0,R,3,Matt Greene,LAK,917.2
0,1,1,0.0,0,5,1,Hanowski,0,0,8475196,0,1,0.2,R,0,0,20122013,0,0,0.25,L,4,Ben Hanowski,CGY,797.6
1,0,1,,0,5,0,Orlov,0,0,8475200,5,1,0.2,D,0,0,20122013,0,0,0.0,L,1,Dmitry Orlov,WSH,896.6
0,0,0,0.8,0,5,1,Connolly,0,0,8475792,-3,1,0.2,R,1,1,20122013,0,0,0.1,R,10,Brett Connolly,TBL,616.4
1,0,1,0.75,0,5,0,Welsh,0,0,8476819,1,1,0.2,C,0,0,20122013,0,0,0.0,L,4,Jeremy Welsh,CAR,350.6
1,0,1,0.0,0,5,0,Forsberg,0,0,8476887,-5,1,0.2,L,0,0,20122013,0,0,0.0,R,14,Filip Forsberg,NSH,928.6
1,0,1,,0,6,0,Jovanovski,0,0,8460492,-4,1,0.16666,D,0,0,20122013,0,0,0.0,L,6,Ed Jovanovski,FLA,939.8333
1,0,0,,0,6,0,Colaiacovo,0,2,8469470,-4,1,0.16666,D,0,1,20122013,0,0,0.0,L,12,Carlo Colaiacovo,DET,1134.5
1,0,1,0.5,0,6,0,Newbury,0,9,8470232,1,1,0.16666,C,0,0,20122013,0,0,0.0,L,4,Kris Newbury,NYR,473.1666
0,1,1,,0,6,1,Scandella,0,4,8474618,-1,1,0.16666,D,0,0,20122013,0,0,0.14285,L,7,Marco Scandella,MIN,865.5
1,0,1,0.46153,0,6,0,McMillan,0,2,8474646,-1,1,0.16666,L,0,0,20122013,0,0,0.0,L,2,Brandon McMillan,ANA,524.5
0,1,1,0.43181,0,6,1,Watson,0,0,8475766,-2,1,0.16666,L,0,0,20122013,0,0,0.25,R,4,Austin Watson,NSH,762.3333
1,0,0,0.47058,0,6,0,Street,0,0,8476043,-1,1,0.16666,C,0,0,20122013,0,1,0.0,L,13,Ben Street,CGY,816.5
1,0,1,,0,7,0,Babchuk,0,0,8470265,-1,1,0.14285,D,0,0,20122013,0,0,0.0,R,5,Anton Babchuk,CGY,711.0
0,1,1,,0,7,1,Cowen,0,10,8475174,1,1,0.14285,D,0,0,20122013,0,0,0.125,L,8,Jared Cowen,OTT,1217.2857
1,0,1,,0,7,0,Zolnierczyk,0,36,8476158,0,1,0.14285,L,0,0,20122013,0,0,0.0,L,4,Harry Zolnierczyk,PHI,442.1428
1,0,1,,0,8,0,Clark,0,0,8465122,-9,1,0.125,D,0,0,20122013,0,0,0.0,L,6,Brett Clark,MIN,844.0
1,0,1,0.33333,0,8,0,Nodl,0,2,8473568,-1,1,0.125,R,0,0,20122013,0,0,0.0,L,6,Andreas Nodl,CAR,508.125
1,0,1,,0,8,0,Rundblad,0,0,8475182,-5,1,0.125,D,0,0,20122013,0,0,0.0,R,9,David Rundblad,PHX,824.0
1,0,1,,0,10,0,Carson,0,0,8471321,-1,1,0.1,D,0,0,20122013,0,0,0.0,R,8,Brett Carson,CGY,655.7
0,0,0,0.33333,0,10,1,Rallo,0,2,8473867,-5,1,0.1,C,1,1,20122013,0,0,0.1,R,10,Greg Rallo,FLA,573.2
0,1,1,,1,11,1,Rosehill,0,64,8470816,-4,1,0.0909,L,0,0,20122013,0,0,0.14285,L,7,Jay Rosehill,PHI,407.5454
1,0,1,,0,11,0,Lundin,0,0,8471314,-2,1,0.0909,D,0,0,20122013,0,0,0.0,L,13,Mike Lundin,OTT,930.4545
0,1,1,,1,11,1,Goloubef,0,0,8474597,-3,1,0.0909,D,0,0,20122013,0,0,0.07142,R,14,Cody Goloubef,CBJ,888.8181
1,0,0,0.4909,0,11,0,Lander,0,2,8475165,-4,1,0.0909,C,0,0,20122013,0,1,0.0,L,11,Anton Lander,EDM,661.6363
0,1,1,0.40151,0,11,1,Bjugstad,0,2,8475760,-8,1,0.0909,C,0,0,20122013,0,0,0.05882,R,17,Nick Bjugstad,FLA,912.6363
1,0,1,,0,11,0,DeKeyser,0,2,8477215,4,1,0.0909,D,0,0,20122013,0,0,0.0,L,15,Danny DeKeyser,DET,1082.909
0,1,1,0.6,0,15,1,Kostopoulos,0,18,8466398,0,1,0.06666,R,0,0,20122013,0,0,0.07692,R,13,Tom Kostopoulos,NJD,545.8
0,1,1,,0,15,1,Kassian,0,47,8471719,0,1,0.06666,L,0,0,20122013,0,0,0.16666,L,6,Matt Kassian,OTT,382.8666
1,0,1,0.53211,0,15,0,Jones,0,10,8471767,-6,1,0.06666,C,0,0,20122013,0,0,0.0,R,22,Blair Jones,CGY,644.5333
1,0,1,,0,15,0,Cole,0,10,8474013,-4,1,0.06666,D,0,0,20122013,0,0,0.0,L,10,Ian Cole,STL,1064.7333
1,0,1,,0,16,0,Hamrlik,0,8,8458938,-4,1,0.0625,D,0,0,20122013,0,0,0.0,L,7,Roman Hamrlik,"WSH,NYR",688.75
1,0,1,,0,16,0,Meech,0,2,8470061,0,1,0.0625,D,0,0,20122013,0,0,0.0,L,5,Derek Meech,WPG,881.8125
1,0,1,0.0,0,16,0,Finley,0,20,8471701,-5,1,0.0625,D,0,0,20122013,0,0,0.0,L,2,Joe Finley,NYI,717.4375
1,0,1,,0,16,0,Robak,0,17,8474606,-1,1,0.0625,D,0,0,20122013,0,0,0.0,L,15,Colby Robak,FLA,910.5625
0,1,1,0.41441,1,18,1,Wandell,0,4,8471807,0,1,0.05555,C,0,0,20122013,0,0,0.07142,L,14,Tom Wandell,DAL,506.5
1,0,1,,0,19,0,Huskins,0,4,8467478,-3,1,0.05263,D,0,0,20122013,0,0,0.0,L,4,Kent Huskins,"DET,PHI",939.8947
1,0,1,,0,22,0,Smith,0,10,8473953,-5,1,0.04545,D,0,0,20122013,0,0,0.0,L,18,Derek Smith,CGY,734.7272
1,0,1,,0,24,0,Alberts,0,32,8469626,-7,1,0.04166,D,0,0,20122013,0,0,0.0,L,15,Andrew Alberts,VAN,910.75
0,0,0,0.0,0,26,1,Brookbank,0,21,8469992,-2,1,0.03846,D,0,0,20122013,1,1,0.04,R,25,Sheldon Brookbank,CHI,765.0
0,1,1,0.54491,0,26,1,White,0,67,8473466,1,1,0.03846,C,0,0,20122013,0,0,0.0625,R,16,Ryan White,MTL,564.7307
0,1,1,0.6055,1,30,1,Nichol,0,25,8459687,-2,1,0.03333,C,0,0,20122013,0,0,0.07692,R,13,Scott Nichol,STL,586.7
1,0,1,,0,33,0,Hannan,0,22,8466158,-14,1,0.0303,D,0,0,20122013,0,0,0.0,L,25,Scott Hannan,"NSH,SJS",1160.909
0,1,1,0.45454,0,34,1,Kaleta,0,67,8471388,-4,1,0.02941,R,0,0,20122013,0,0,0.02941,R,34,Patrick Kaleta,BUF,647.5294
0,0,0,,0,1,0,Shelley,0,0,8462535,0,0,0.0,L,0,0,20122013,0,0,,L,0,Jody Shelley,PHI,478.0
0,0,0,0.5,0,1,0,Petersen,0,0,8467543,0,0,0.0,C,0,0,20122013,0,0,,L,0,Toby Petersen,DAL,400.0
0,0,0,,0,1,0,Murray,0,0,8469685,0,0,0.0,C,0,0,20122013,0,0,0.0,L,2,Andrew Murray,STL,469.0
0,0,0,,0,1,0,Segal,0,2,8469755,0,0,0.0,R,0,0,20122013,0,0,,R,0,Brandon Segal,NYR,321.0
0,0,0,0.0,0,1,0,Wathier,0,0,8470777,0,0,0.0,L,0,0,20122013,0,0,,L,0,Francis Wathier,DAL,340.0
0,0,0,,0,1,0,Roy,0,0,8470804,-1,0,0.0,D,0,0,20122013,0,0,,R,0,Mathieu Roy,TBL,847.0
0,0,0,,0,1,0,MacIntyre,0,12,8470896,0,0,0.0,L,0,0,20122013,0,0,,L,0,Steve MacIntyre,PIT,271.0
0,0,0,0.63636,0,1,0,Wyman,0,0,8471312,-1,0,0.0,R,0,0,20122013,0,0,,R,0,JT Wyman,TBL,811.0
0,0,0,,0,1,0,Gragnani,0,0,8471752,0,0,0.0,D,0,0,20122013,0,0,,L,0,Marc-Andre Gragnani,CAR,473.0
0,0,0,0.42857,0,1,0,Helm,0,2,8471794,0,0,0.0,C,0,0,20122013,0,0,0.0,L,1,Darren Helm,DET,747.0
0,0,0,0.42857,0,1,0,Angelidis,0,0,8471916,0,0,0.0,L,0,0,20122013,0,0,,L,0,Mike Angelidis,TBL,442.0
0,0,0,,0,1,0,Kearns,0,0,8471996,0,0,0.0,C,0,0,20122013,0,0,,L,0,Bracken Kearns,SJS,724.0
0,0,0,,0,1,0,Smith,0,0,8473942,0,0,0.0,C,0,0,20122013,0,0,,L,0,Trevor Smith,PIT,624.0
0,0,0,,0,1,0,Petrecki,0,0,8474032,0,0,0.0,D,0,0,20122013,0,0,,L,0,Nick Petrecki,SJS,718.0
0,0,0,,0,1,0,Sweatt,0,0,8474035,-1,0,0.0,L,0,0,20122013,0,0,,L,0,Bill Sweatt,VAN,744.0
0,0,0,,0,1,0,Lalonde,0,0,8474629,1,0,0.0,D,0,0,20122013,0,0,,R,0,Shawn Lalonde,CHI,887.0
0,0,0,,0,1,0,Gelinas,0,0,8475199,-1,0,0.0,D,0,0,20122013,0,0,0.0,L,1,Eric Gelinas,NJD,959.0
0,0,0,0.42857,0,1,0,Pirri,0,0,8475204,0,0,0.0,C,0,0,20122013,0,0,0.0,L,2,Brandon Pirri,CHI,1075.0
0,0,0,,0,1,0,Ekholm,0,0,8475218,-1,0,0.0,D,0,0,20122013,0,0,,L,0,Mattias Ekholm,NSH,965.0
0,0,0,,0,1,0,Urbom,0,0,8475248,-1,0,0.0,D,0,0,20122013,0,0,,L,0,Alexander Urbom,NJD,851.0
0,0,0,,0,1,0,Stanton,0,2,8475598,1,0,0.0,D,0,0,20122013,0,0,0.0,L,1,Ryan Stanton,CHI,1025.0
0,0,0,,0,1,0,Larsson,0,0,8475728,0,0,0.0,L,0,0,20122013,0,0,0.0,L,2,Johan Larsson,MIN,842.0
0,0,0,,0,1,0,Thomas,0,0,8475749,0,0,0.0,L,0,0,20122013,0,0,0.0,R,2,Christian Thomas,NYR,766.0
0,0,0,0.0,0,1,0,Sheahan,0,0,8475772,0,0,0.0,C,0,0,20122013,0,0,0.0,L,1,Riley Sheahan,DET,407.0
0,0,0,0.3,0,1,0,Arcobello,0,0,8476062,0,0,0.0,R,0,0,20122013,0,0,,R,0,Mark Arcobello,EDM,1095.0
0,0,0,0.66666,0,1,0,Miele,0,0,8476206,1,0,0.0,C,0,0,20122013,0,0,,L,0,Andy Miele,PHX,542.0
0,0,0,,0,1,0,Schilling,0,0,8476799,-1,0,0.0,D,0,0,20122013,0,0,,L,0,Cameron Schilling,WSH,718.0
0,0,0,,0,2,0,Tardif,0,0,8470704,0,0,0.0,R,0,0,20122013,0,0,0.0,R,1,Jamie Tardif,BOS,295.5
0,0,0,0.66666,0,2,0,Dowell,0,0,8471352,0,0,0.0,C,0,0,20122013,0,0,0.0,L,3,Jake Dowell,MIN,512.5
0,0,0,,0,2,0,Pelech,0,7,8471700,0,0,0.0,R,0,0,20122013,0,0,,R,0,Matt Pelech,SJS,543.0
0,0,0,,0,2,0,Joslin,0,0,8471810,-2,0,0.0,D,0,0,20122013,0,0,0.0,L,2,Derek Joslin,VAN,1019.5
0,0,0,,0,2,0,Hendry,0,0,8472370,0,0,0.0,D,0,0,20122013,0,0,,L,0,Jordan Hendry,ANA,1054.5
0,0,0,,0,2,0,Caruso,0,0,8473416,-1,0,0.0,D,0,0,20122013,0,0,,L,0,Michael Caruso,FLA,475.0
0,0,0,0.5,0,2,0,Mursak,0,4,8473569,0,0,0.0,L,0,0,20122013,0,0,,R,0,Jan Mursak,DET,338.5
0,0,0,,0,2,0,Holden,0,0,8474207,1,0,0.0,D,0,0,20122013,0,0,0.0,L,2,Nick Holden,CBJ,514.5
0,0,0,,0,2,0,Staal,0,2,8474615,-2,0,0.0,R,0,0,20122013,0,0,0.0,R,3,Jared Staal,CAR,803.0
0,0,0,,0,2,0,Barberio,0,0,8474717,-2,0,0.0,D,0,0,20122013,0,0,0.0,L,1,Mark Barberio,TBL,929.5
0,0,0,,0,2,0,Bancks,0,0,8474844,0,0,0.0,L,0,0,20122013,0,0,,L,0,Carter Bancks,CGY,881.0
0,0,0,,0,2,0,Taormina,0,0,8475060,-1,0,0.0,D,0,0,20122013,0,0,,L,0,Matt Taormina,TBL,998.5
0,0,0,,0,2,0,Konan,0,0,8475395,0,0,0.0,D,0,0,20122013,0,0,0.0,L,4,Matthew Konan,PHI,955.5
0,0,0,,0,2,0,Jaskin,0,0,8476436,-1,0,0.0,R,0,0,20122013,0,0,0.0,L,2,Dmitrij Jaskin,STL,449.5
0,0,0,,0,2,0,Jensen,0,0,8476482,-1,0,0.0,R,0,0,20122013,0,0,,L,0,Nicklas Jensen,VAN,831.0
0,0,0,,0,2,0,Marchessault,0,0,8476539,-1,0,0.0,R,0,0,20122013,0,0,,R,0,Jonathan Marchessault,CBJ,656.5
0,0,0,,0,2,0,Sustr,0,0,8477205,1,0,0.0,D,0,0,20122013,0,0,0.0,R,2,Andrej Sustr,TBL,643.0
0,0,0,0.5,0,2,0,LeBlanc,0,0,8477243,-3,0,0.0,C,0,0,20122013,0,0,0.0,L,3,Drew LeBlanc,CHI,800.0
0,0,0,,0,3,0,Reese,0,0,8470798,0,0,0.0,D,0,0,20122013,0,0,0.0,R,1,Dylan Reese,PIT,915.6666
0,0,0,0.57142,0,3,0,Sutter,0,4,8471840,-1,0,0.0,L,0,0,20122013,0,0,0.0,L,2,Brett Sutter,CAR,500.6666
0,0,0,,0,3,0,Pateryn,0,0,8474688,0,0,0.0,D,0,0,20122013,0,0,,R,0,Greg Pateryn,MTL,576.0
0,0,0,1.0,0,3,0,Hoffman,0,2,8474884,-1,0,0.0,C,0,0,20122013,0,0,0.0,L,6,Mike Hoffman,OTT,739.0
0,0,0,,0,3,0,Corrado,0,0,8476302,-1,0,0.0,D,0,0,20122013,0,0,0.0,R,4,Frank Corrado,VAN,1164.3333
0,0,0,,0,4,0,Lilja,0,0,8468534,-1,0,0.0,D,0,0,20122013,0,0,0.0,L,2,Andreas Lilja,PHI,1006.75
0,0,0,,0,4,0,Hordichuk,0,2,8468660,-1,0,0.0,L,0,0,20122013,0,0,,L,0,Darcy Hordichuk,EDM,122.0
0,0,0,,0,4,0,Komisarek,0,2,8469460,2,0,0.0,D,0,0,20122013,0,0,0.0,R,1,Mike Komisarek,TOR,920.75
0,0,0,,0,4,0,Janssen,0,2,8470123,-1,0,0.0,R,0,0,20122013,0,0,,R,0,Cam Janssen,NJD,238.25
0,0,0,,0,4,0,Peckham,0,6,8473525,-1,0,0.0,D,0,0,20122013,0,0,0.0,L,2,Theo Peckham,EDM,1058.25
0,0,0,1.0,0,4,0,Mashinter,0,0,8474850,-2,0,0.0,L,0,0,20122013,0,0,0.0,L,2,Brandon Mashinter,NYR,355.0
0,0,0,0.0,0,4,0,Wellwood,0,0,8474892,0,0,0.0,L,0,0,20122013,0,0,0.0,L,2,Eric Wellwood,PHI,565.0
0,0,0,,0,4,0,Savard,0,0,8475233,-3,0,0.0,D,0,0,20122013,0,0,0.0,R,1,David Savard,CBJ,792.0
0,0,0,0.45833,0,4,0,Spooner,0,0,8475727,0,0,0.0,C,0,0,20122013,0,0,0.0,L,4,Ryan Spooner,BOS,547.25
0,0,0,1.0,0,4,0,Stone,0,2,8475913,-1,0,0.0,R,0,0,20122013,0,0,0.0,R,3,Mark Stone,OTT,600.25
0,0,0,0.71428,0,4,0,Scheifele,0,0,8476460,0,0,0.0,C,0,0,20122013,0,0,0.0,R,6,Mark Scheifele,WPG,691.5
0,0,0,,0,4,0,Murphy,0,2,8476465,-4,0,0.0,D,0,0,20122013,0,0,0.0,R,7,Ryan Murphy,CAR,1263.75
0,0,0,0.47619,0,4,0,Rakell,0,0,8476483,-2,0,0.0,R,0,0,20122013,0,0,0.0,R,3,Rickard Rakell,ANA,537.0
0,0,0,,0,4,0,Pesonen,0,2,8476849,-1,0,0.0,C,0,0,20122013,0,0,0.0,L,3,Harri Pesonen,NJD,551.0
0,0,0,,0,5,0,Blunden,0,4,8471663,-1,0,0.0,R,0,0,20122013,0,0,0.0,R,5,Mike Blunden,MTL,500.8
0,0,0,0.0,0,5,0,Rheault,0,0,8473616,0,0,0.0,R,0,0,20122013,0,0,0.0,R,5,Jonathan Rheault,FLA,634.2
0,0,0,,0,5,0,Aliu,0,14,8474049,-2,0,0.0,R,0,0,20122013,0,0,0.0,R,2,Akim Aliu,CGY,651.8
0,0,0,0.51724,0,5,0,Colborne,0,2,8474577,-1,0,0.0,C,0,0,20122013,0,0,0.0,L,4,Joe Colborne,TOR,547.2
0,0,0,,0,5,0,Jordan,0,2,8474661,-2,0,0.0,D,0,0,20122013,0,0,0.0,L,2,Michal Jordan,CAR,641.2
0,0,0,0.54838,0,5,0,Grant,0,0,8474683,-1,0,0.0,C,0,0,20122013,0,0,0.0,L,5,Derek Grant,OTT,519.8
0,0,0,0.2,0,5,0,Collins,0,6,8474744,-2,0,0.0,C,0,0,20122013,0,0,,L,0,Sean Collins,CBJ,749.6
0,0,0,,0,5,0,Brown,0,2,8475161,0,0,0.0,R,0,0,20122013,0,0,0.0,R,6,Chris Brown,PHX,458.2
0,0,0,0.48387,0,5,0,Timmins,0,4,8475304,-2,0,0.0,C,0,0,20122013,0,0,0.0,L,6,Scott Timmins,FLA,635.0
0,0,0,0.44186,0,5,0,Laughton,0,0,8476872,0,0,0.0,C,0,0,20122013,0,0,0.0,L,10,Scott Laughton,PHI,691.0
0,0,0,0.41666,0,6,0,Ellis,0,0,8470018,0,0,0.0,L,0,0,20122013,0,0,0.0,L,8,Matt Ellis,BUF,371.8333
0,0,0,0.4,0,6,0,Gordon,0,0,8471409,-1,0,0.0,R,0,0,20122013,0,0,0.0,R,2,Andrew Gordon,VAN,505.3333
0,0,0,0.53846,0,6,0,Sestito,0,2,8471636,1,0,0.0,L,0,0,20122013,0,0,0.0,L,4,Tim Sestito,NJD,472.3333
0,0,0,,0,6,0,Summers,0,9,8473589,-3,0,0.0,D,0,0,20122013,0,0,0.0,L,5,Chris Summers,PHX,759.1666
0,0,0,,0,6,0,Borowiecki,0,18,8474697,1,0,0.0,D,0,0,20122013,0,0,0.0,L,1,Mark Borowiecki,OTT,779.8333
0,0,0,,0,6,0,Petrovic,0,25,8475755,-8,0,0.0,D,0,0,20122013,0,0,0.0,R,5,Alexander Petrovic,FLA,1126.8333
0,0,0,0.36,0,6,0,Sgarbossa,0,4,8475958,-3,0,0.0,C,0,0,20122013,0,0,0.0,L,6,Michael Sgarbossa,COL,621.8333
0,0,0,,0,7,0,Yonkman,0,11,8467910,-1,0,0.0,D,0,0,20122013,0,0,0.0,R,4,Nolan Yonkman,FLA,586.1428
0,0,0,,0,7,0,Smith-Pelly,0,0,8475758,-4,0,0.0,R,0,0,20122013,0,0,0.0,R,5,Devante Smith-Pelly,ANA,539.7142
0,0,0,,0,7,0,Ruhwedel,0,0,8477244,0,0,0.0,D,0,0,20122013,0,0,0.0,R,8,Chad Ruhwedel,BUF,851.8571
0,0,0,0.48,0,8,0,McCormick,0,10,8469591,-2,0,0.0,C,0,0,20122013,0,0,0.0,R,6,Cody McCormick,BUF,387.375
0,0,0,0.53703,0,8,0,Drazenovic,0,4,8471832,-2,0,0.0,C,0,0,20122013,0,0,0.0,L,5,Nick Drazenovic,CBJ,595.625
0,0,0,0.65306,0,9,0,Malhotra,0,0,8467334,-3,0,0.0,C,0,0,20122013,0,0,0.0,L,2,Manny Malhotra,VAN,667.7777
0,0,0,1.0,0,9,0,Blanchard,0,20,8471853,-2,0,0.0,L,0,0,20122013,0,0,0.0,L,6,Nicolas Blanchard,CAR,520.5555
0,0,0,0.66666,0,9,0,Haley,0,12,8474230,-1,0,0.0,L,0,0,20122013,0,0,0.0,L,4,Micheal Haley,NYR,397.6666
0,0,0,,0,10,0,Johnson,0,10,8469534,0,0,0.0,D,0,0,20122013,0,0,0.0,L,8,Aaron Johnson,BOS,892.2
0,0,0,0.16666,0,10,0,Cormier,0,7,8474616,-3,0,0.0,C,0,0,20122013,0,0,0.0,L,4,Patrice Cormier,WPG,233.2
0,0,0,0.47727,0,11,0,VandeVelde,0,4,8471762,-3,0,0.0,C,0,0,20122013,0,0,0.0,L,7,Chris VandeVelde,EDM,422.909
0,0,0,,0,12,0,Pinizzotto,0,29,8473911,-6,0,0.0,R,0,0,20122013,0,0,0.0,R,9,Steven Pinizzotto,VAN,599.5
0,0,0,0.33333,0,14,0,Bolduc,0,2,8470719,-4,0,0.0,C,0,0,20122013,0,0,0.0,L,17,Alexandre Bolduc,PHX,457.5714
0,0,0,,0,15,0,Boulton,0,36,8460720,-4,0,0.0,L,0,0,20122013,0,0,0.0,L,5,Eric Boulton,NYI,340.4
0,0,0,,0,15,0,Gilroy,0,6,8475118,-3,0,0.0,D,0,0,20122013,0,0,0.0,R,14,Matt Gilroy,NYR,573.4
0,0,0,,0,16,0,Bickel,0,49,8474772,-2,0,0.0,D,0,0,20122013,0,0,0.0,R,2,Stu Bickel,NYR,331.0
0,0,0,,0,17,0,Prosser,0,4,8475613,4,0,0.0,D,0,0,20122013,0,0,0.0,R,5,Nate Prosser,MIN,675.0588
0,0,0,0.4,0,18,0,Pandolfo,0,2,8459454,-2,0,0.0,L,0,0,20122013,0,0,0.0,L,11,Jay Pandolfo,BOS,544.3888
0,0,0,0.25,0,18,0,Howden,0,2,8475769,-11,0,0.0,C,0,0,20122013,0,0,0.0,L,22,Quinton Howden,FLA,627.3333
0,0,0,0.5,0,22,0,Barch,0,44,8467428,1,0,0.0,R,0,0,20122013,0,0,0.0,L,4,Krys Barch,NJD,351.2272
0,0,0,,0,22,0,Lee,0,16,8471683,-13,0,0.0,D,0,0,20122013,0,0,0.0,R,13,Brian Lee,TBL,835.2727
0,0,0,,0,23,0,Eaton,0,4,8467580,9,0,0.0,D,0,0,20122013,0,0,0.0,L,8,Mark Eaton,PIT,1078.7391
0,0,0,0.0,0,25,0,Bollig,0,51,8475650,-1,0,0.0,L,0,0,20122013,0,0,0.0,L,34,Brandon Bollig,CHI,480.76
0,0,0,,0,32,0,Gill,0,12,8459628,-3,0,0.0,D,0,0,20122013,0,0,0.0,L,8,Hal Gill,NSH,803.0937
0,0,0,,0,34,0,Scott,0,69,8473722,-1,0,0.0,L,0,0,20122013,0,0,0.0,L,15,John Scott,BUF,326.647
0,0,0,0.60674,0,37,0,Konopka,0,117,8469820,-4,0,0.0,C,0,0,20122013,0,0,0.0,L,18,Zenon Konopka,MIN,506.1621
0,0,0,0.53846,0,42,0,Powe,0,27,8473932,-1,0,0.0,C,0,0,20122013,0,0,0.0,L,23,Darroll Powe,"MIN,NYR",539.8809
